#,Channel Name,Subscribers,Videos,Total Views,About / Niche,Channel
1,Football Fun,49.8K,473,40.4M,"Lifestyle, Football, Sports",
2,Historias de Futbol,49.6K,846,69.7M,"Sports, Football, Lifestyle",
3,Alvaro SLD,49.5K,198,13.7M,"Vehicles, Lifestyle, Motorsport",
4,Borja.Mr12,49.4K,215,15M,"Movies, Humor, Entertainment, Sports",
5,CeLa Ohana,49.3K,"1,113",26.6M,"Lifestyle, Sports, Football",
6,Restless Bike,49.1K,651,12.1M,"Vehicles, Lifestyle, Motorsport, Sports",
7,Real Galacticos,49.1K,"1,188",6.64M,"Football, Sports",
8,taur666,49K,"1,745",60.7M,"Lifestyle, Sports",
9,Marc,49K,8,223K,"Sports, Hobby, Lifestyle, Football",
10,Iván Gandia,48.9K,596,5.32M,"Football, Sports, Sports game, Gaming",
11,Mario Cortegana,48.7K,272,4.34M,"Sports, Football",
12,Jesús Calleja,48.7K,29,2.39M,"Entertainment, Motorsport, Lifestyle, Hobby, Sports, Vehicles",
13,P. A. D.,48.7K,"1,805",21.1M,"Sports, Tennis",
14,StanGRMach,48.3K,25,7.13M,"Sports, Football",
15,MrBernaBy,48K,523,7.1M,"Football, Sports",
16,WOWfc,47.7K,"1,119",10.5M,"Sports, Mixed martial arts, Boxing, Lifestyle",
17,LOS BLANCOS TV (noticias de REAL MADRID),47.2K,"1,448",12.5M,"Football, Sports",
18,Chiringuito Audiovisual,47K,"1,472",13.5M,"Football, Sports",
19,Subversivo90,46.9K,"2,123",11.3M,"Football, Sports",
20,TwinTrail,46.7K,506,10.2M,"Lifestyle, Vehicles, Motorsport, Sports",
21,Padel Star,46.7K,"2,000",33.9M,"Sports, Lifestyle",
22,Gol de Oro,46.5K,32,460K,"Sports, Football",
23,Guille Glez,46.3K,382,6.07M,"Football, Sports",
24,Uro Tv,46K,"1,137",18.4M,"Lifestyle, Sports",
25,McMartin104,45.3K,379,9.4M,"Vehicles, Lifestyle, Motorsport, Sports",
26,EduGilTV,45.3K,447,26.9M,"Lifestyle, Basketball, Sports",
27,Diewolf19,45.1K,"3,911",84M,"Lifestyle, Football, Sports",
28,El club de la Lucha,45.1K,404,42.9M,"Lifestyle, Boxing, Mixed martial arts, Sports",
29,LlegaRunning,44.7K,51,2.79M,"Lifestyle, Health, Sports",
30,SergioIzquierd,44.5K,"1,175",36.3M,"Football, Sports",
31,Visit Greece,39800,,,Official Greek tourism,https://www.youtube.com/channel/UC25dAjaFcMTMiS-Is-wUzvA
32,GreekReporter,33400,,,Greek news worldwide,https://www.youtube.com/channel/UCpKcsKKx97iT9MltKfbTklQ
33,Visit my Greece,28400,,,Travel around Greece,https://www.youtube.com/channel/UC8Vdxd_Askh3MvKnhqLtGBQ
34,Greek Music Channel,28200,,,Greek music videos,https://www.youtube.com/channel/UC5G0O182Pfa70I3VgMw6gUQ
35,Pola Salem,22200,,,Lifestyle & travel,https://www.youtube.com/@pola_salem
36,GikouBrothers,21500,,,Football entertainment,https://www.youtube.com/@GikouBrothers
37,Greek Cooking Made Easy,20600,,,Greek cooking tutorials,https://www.youtube.com/channel/UCQFz18E4s9NcvQkC3-vaf7g
38,Omilo Greek Language & Culture,18200,,,Greek language courses,https://www.youtube.com/channel/UCILTfI7JNa3wxWf6tTpyWzg
39,Just.Yuvii,15200,,,Crime stories & entertainment,https://www.youtube.com/@YuVii999
40,Tiffany Schureman,12900,,,Expat life in Greece,https://www.youtube.com/channel/UCfLCRgtcVwUKBecqDTJEvng
41,WB Games Spain,49400,,,Gaming (Spanish market),https://www.youtube.com/channel/UCOIBtYb-H_V93qYbDSf4Nng
42,LIVESPAIN CLUB,43900,,,Life in Spain (Russian-speaking),https://www.youtube.com/channel/UCdK1MXLWOgf8I__HcBP62-w
43,Spain Walking Tour,35700,,,Walking tours across Spain,https://www.youtube.com/channel/UCTlznSMXFZhf5PlAh7joBPQ
44,eurovision-spain.com,34800,,,Eurovision coverage,https://www.youtube.com/channel/UCo2ydguV0jvF_J85JGBvwxg
45,How To Spain,21400,,,Guides for foreigners in Spain,https://www.youtube.com/channel/UCQFrXjXnpKsY-nNXAYCyq_A
46,Life in Spain,17400,,,Tourism & things to do,https://www.youtube.com/channel/UC-FqQ2PwI
47,Dini Mizo in Spain,15300,,,Life in Spain vlog,https://www.youtube.com/channel/UCMf_C8Qp5p7qkrBxf_BJldQ
48,SPAIN TOURISM,11800,,,Travel festivals & culture,https://www.youtube.com/channel/UCiaBna1qU
49,Brits living in Spain,6000,,,Exploring & eating around Spain,https://www.youtube.com/channel/UCaPAqOxW_
50,All About Spain by BarryHaylor,5900,,,Northern Costa Blanca living,https://www.youtube.com/channel/UCrFbLNa5D
51,LolloIMilanistiOfficial,40800,,,Sports & tech,https://www.youtube.com/@LolloIMilanistiOfficial
52,Italy Together,29700,,,Beauty of Italy travel,https://www.youtube.com/channel/UCXShrwUf6EFSnYeRlVJuMXA
53,Italy by Italians,29600,,,Local Italian travel tips,https://www.youtube.com/channel/UCt1DgiubiuOxHjHKzeFl5OQ
54,Our Italian Dream House,20300,,,Renovation & expat life,https://www.youtube.com/channel/UCTWMRsg4Q8ZemtIaSkFE-uQ
55,Mariam Lifestyle,12400,,,Fashion beauty & lifestyle,https://www.youtube.com/channel/UC194wEAztTDpcGelOye3wnQ
56,RegularVoyagers,8200,,,Travel fitness & lifestyle,https://www.youtube.com/@regularvoyagers
57,Bud Spencer Official,7300,,,Classic Italian cinema,https://www.youtube.com/@BudSpencerOfficial
58,FASHION WEEK ITALY,7100,,,Street fashion & window shopping,https://www.youtube.com/channel/UCuBjY0fgeipVIrI7YhG4MVw
59,The Italy Guy,6700,,,Exploring Italy,https://www.youtube.com/channel/UCwtrOjRSGBYEbCnhVjz3EgQ
60,BonnieDarko,5600,,,Mystery & paranormal,https://www.youtube.com/@bonniedarko.youtube
61,Chateau Love,43200,,,Castle renovation in France,https://www.youtube.com/channel/UCAHvzv0ij9Kys9a0tK1eyeQ
62,Unintentionally Frenchified,35800,,,American expat life in France,https://www.youtube.com/channel/UCaNOctl4fw05wH0uinwbxg
63,The Very French Girl,32600,,,Beauty & French lifestyle,https://www.youtube.com/channel/UCCw2rHA41_Ej88EKRyzeZ3Q
64,Patricia B in France,30800,,,Cultural stories from France,https://www.youtube.com/channel/UCaZd4nmNXlBOa38XBOO5whw
65,French Kiss Life,23700,,,Elegant French-inspired living,https://www.youtube.com/channel/UC1RNNnPWpxvq7y7jK5rlOmQ
66,A French Frye in Paris,14200,,,Expat life in Paris,https://www.youtube.com/channel/UCfrkg0WfgjM_rh9YOoXfuhw
67,KJ and Tony Move to France,12800,,,American expats in France,https://www.youtube.com/channel/UC18zCCtptVhn2gyqwh7pocw
68,French Riviera 4K,11500,,,4K walks on the Cote d'Azur,https://www.youtube.com/channel/UCe2RUF85tJRN-nG0_3OYg-A
69,NicoleDeli,6800,,,Multilingual expat in Paris,https://www.youtube.com/channel/UCIru6ynTRLJh5Iuo6IDyw6A
70,Everyday Riviera,5200,,,Daily life on the French Riviera,https://www.youtube.com/channel/UCe6Z5UGgWr44Wn-wsmvXHig
71,,,,,,
72,,,,,,
73,,,,,,
74,,,,,,
75,,,,,,
76,,,,,,
77,,,,,,
78,,,,,,
79,,,,,,
80,,,,,,
81,,,,,,
82,,,,,,
83,,,,,,
84,,,,,,
85,,,,,,
86,,,,,,
87,,,,,,
88,,,,,,
89,,,,,,
90,,,,,,
91,,,,,,
92,,,,,,
93,,,,,,
94,,,,,,
95,,,,,,
96,,,,,,
97,,,,,,
98,,,,,,
99,,,,,,
100,,,,,,
101,,,,,,
102,,,,,,
103,,,,,,
104,,,,,,
105,,,,,,
106,,,,,,
107,,,,,,
108,,,,,,
109,,,,,,