domain,url,dr,fit_strength,fit_keywords,author_name,article_topic,section_quote,suggested_anchor_text,rationale
vimeo.com,https://vimeo.com/blog/post/video-content-marketing-strategy,96,strong,,Cooper Savage,"Video content marketing strategy guide — types of videos, distribution platforms, best practices","AI tools can help generate scripts, edit content, add subtitles, and even translate video for different audiences.",translate video for different audiences,The FAQ section already mentions translating video but has no link to a specific tool. Linking to Synthesia's video translator here gives readers a co
shopify.com,https://www.shopify.com/blog/content-localization,96,strong,,Charlotte Muzzi,How to create a content localization strategy for international ecommerce growth,"Plain text is the easiest to localize. Images are harder, and media assets like videos or podcasts are the most expensive and difficult.",AI video translator,The article discusses video localization being expensive and difficult. A link to Synthesia's AI video translator would show readers there's now an af
activecampaign.com,https://www.activecampaign.com/blog/localized-marketing,91,medium,,Erin McInrue Savage,6-step blueprint for building localized marketing campaigns across global markets,"Translation is much more than word-swapping. Navigating language nuance, jargon, and slang is a complex business.",video localization tools,"Article covers content localization strategy including messaging and visuals, but only mentions email translation tools. Section 3 (Adapt messaging) o"
on24.com,https://www.on24.com/blog/how-to-repurpose-your-webinar-series-content/,90,strong,,Lauren Teneriello,"Comprehensive guide on repurposing webinar content into blogs, videos, podcasts, courses","If you plan to expand your services globally, you'll need to produce localized content. That means translation. One easy way to localize content is to",AI video translation tool,Strong fit. The 'Reaching global audiences' section discusses translating webinars but only mentions closed captions. A link to Synthesia's video tran
bamboohr.com,https://www.bamboohr.com/blog/compliance-training,90,medium,,Matthew NeSmith,"What compliance training is, why it matters, and how to build a program","Offering compliance training in multiple languages, with subtitles, ensures that everyone understands the most critical parts of their job.",AI video translation,Medium fit. The 'Accessibility' trend section mentions multilingual training in one sentence. Could pitch expanding it with a reference to AI video tr
articulate.com,https://www.articulate.com/blog/multilingual-onboarding-why-you-need-it-and-how-to-do-it/,88,strong,,Dolisha Mitchell,Why multilingual onboarding matters and how to implement it — 4 reasons + 4 implementation steps,"Include infographics, videos, and quizzes in onboarding materials to reinforce key concepts. These elements can often transcend language barriers and ",translate onboarding videos into multiple languages,Strong fit. Article thoroughly covers multilingual onboarding but focuses on documents and e-learning. The 'Provide visuals and interactive elements' 
weglot.com,https://www.weglot.com/blog/content-localization,85,medium,,Elizabeth Pokorny,"Building a content localization strategy — steps, best practices, website focus","Your copy shouldn't be the limit of your content localization. There's a lot more content on your website than the words – think about all the images,",AI video translator,"Medium fit. The 'Localize Media' section explicitly mentions video localization as important. However, Weglot is a website translation product and thi"
transifex.com,https://www.transifex.com/blog/how-to-automate-multilingual-video-at-the-speed-of-localization,84.0,strong,"video localization, multilingual video, multiple languages, content localization, multilingual training",,How to Automate Multilingual Video,cebook.com/transifex](https://www.facebook.com/transifex)  [Back](https://www.transifex.com/blog)  [video localization](https://www.transifex.com/blog,translate training videos into multiple languages,"Strong fit — 6 relevant keywords found: video localization, multilingual video, multiple languages, content localization, multilingual training. Conte"
streamyard.com,https://streamyard.com/blog/repurpose-video-content-ai-streamyard,83.0,medium,"multiple languages, repurpose video, subtitle, caption",Will Tucker,How to Repurpose Video Content With AI,"ter](https://support.streamyard.com/hc/en-us/articles/44168907570964-AI-clips)) - AI Clips supports multiple languages including English, Spanish, Por",AI video translator,"Medium fit — 4 relevant keywords found: multiple languages, repurpose video, subtitle, caption."
deel.com,https://www.deel.com/blog/companies-best-onboarding-programs/,82,medium,,Lorelei Trisca,"11 companies with best onboarding programs — Zapier, Buffer, Google, Netflix, Spotify, etc.",new joiners get a taste of what it's like to work for Accenture in an immersive world,AI video translation for multilingual onboarding,Medium fit. Lists best onboarding programs but doesn't discuss multilingual/global onboarding challenges directly. The article mentions global teams a
globalization-partners.com,https://www.globalization-partners.com/blog/tips-for-onboarding-international-employees/,82,strong,,G-P Editorial,"Tips for onboarding international employees globally — local adaptation, compliance, AI tools",Use the local language in onboarding materials if English isn't a requirement for the job.,AI video translation for onboarding materials,Strong fit. The 'Local adaptation' section explicitly says to use local language in onboarding materials. The article discusses making onboarding work
training.safetyculture.com,https://training.safetyculture.com/blog/elearning-translation-services/,81.0,medium,"translate training, translate content, translation tool, translate course",,10 Elearning providers with translation services,"se to your employees’ preferred languages, especially for multinational businesses that may need to translate training into more than 10 languages. So",translate training videos into multiple languages,"Medium fit — 4 relevant keywords found: translate training, translate content, translation tool, translate course."
localizejs.com,https://localizejs.com/articles/the-ultimate-guide-to-video-marketing-strategy,81.0,medium,"subtitle, caption, translation tool",,The Ultimate Guide to Video Marketing Strategy,"sing diverse video content, prioritizing authenticity, optimizing video length, adding multilingual subtitles, and leveraging user-generated content f",AI video translator,"Medium fit — 3 relevant keywords found: subtitle, caption, translation tool."
360learning.com,https://360learning.com/blog/360learning-ai-translations/,78.0,medium,"multiple languages, translate training, multilingual training, multilingual content",,Scale Global Training with One-Click Translations,"ng them tweak the version as needed.""**  But we also know that making training content available in multiple languages comes in, well, multiple forms.",translate training videos into multiple languages,"Medium fit — 4 relevant keywords found: multiple languages, translate training, multilingual training, multilingual content."
3playmedia.com,https://www.3playmedia.com/blog/subtitling-vs-dubbing/,78.0,strong,"video translation, dub, dubbing, subtitle, caption",,Subtitling vs. Dubbing: Which is Right?,"ately, you’ll be better equipped with the knowledge to make the most informed decision about which [video translation](https://www.3playmedia.com/lear",AI video translator,"Strong fit — 5 relevant keywords found: video translation, dub, dubbing, subtitle, caption. Content discusses topics where a video translator link add"
skilljar.com,https://www.skilljar.com/blog/how-to-create-a-content-localization-strategy-for-a-global-learner-audience-best-practices,78.0,medium,"localize content, content localization, global audience",,Content Localization Strategy for Global Learner Audience,"o asking fundamental questions, seek to understand the data behind why executives are asking you to localize content.  For example, you can ask for pa",AI video translator for global audiences,"Medium fit — 3 relevant keywords found: localize content, content localization, global audience."
speechify.com,https://speechify.com/blog/podcast-dubbing/,77.0,strong,"dub, dubbing, ai dubbing, multiple languages, global audience",,Podcast Dubbing: Bridging Languages,1. [Home](https://speechify.com/) 2. [Dubbing](https://speechify.com/blog/category/ai-dubbing/) 3. Podcast Dubbing: Bridging Languages and Cultures fo,AI video translator for global audiences,"Strong fit — 5 relevant keywords found: dub, dubbing, ai dubbing, multiple languages, global audience. Content discusses topics where a video translat"
poeditor.com,https://poeditor.com/blog/global-localization-examples/,77.0,medium,"dub, dubbing, subtitle",,10 Global localization examples,ame-poster.jpeg)  What Netflix localizes:  - Original content production by region. - Subtitles and dubbing. - Artwork and thumbnails. - Trailers and ,AI video dubbing and translation,"Medium fit — 3 relevant keywords found: dub, dubbing, subtitle."
rws.com,https://www.rws.com/blog/what-is-video-localization/,77.0,strong,"video localization, localize video, dub, dubbing, multiple languages",,What Is Video Localization? A Strategic Guide,Skip to main content  # What is video localization: Your toolkit for global video success  ![Abby Schachter](https://www.rws.com/media/dynamic/images/,AI video localization tool,"Strong fit — 8 relevant keywords found: video localization, localize video, dub, dubbing, multiple languages. Content discusses topics where a video t"
phrase.com,https://phrase.com/blog/posts/language-industry-trends-2026/,76.0,medium,"dub, dubbing, ai dubbing, caption",,Key Trends Shaping the Language Industry in 2026,e communities of Deaf or Hard of Hearing or the visually impaired. Innovative applications of AI in dubbing or captioning make the world more equitabl,AI video dubbing and translation,"Medium fit — 4 relevant keywords found: dub, dubbing, ai dubbing, caption."
senseilms.com,https://senseilms.com/translate-elearning/,75.0,medium,"multiple languages, international audience, translation tool",,eLearning Localization: How to Translate Online Course,ent=translate-elearning) is a perfect tool for building online courses that are easy to localize in multiple languages. It’s a [WordPress](https://wor,AI video translator for global audiences,"Medium fit — 3 relevant keywords found: multiple languages, international audience, translation tool."
smartling.com,https://www.smartling.com/blog/ai-for-video-localization,75.0,strong,"translate video, video translation, video localization, dub, dubbing",,AI for video localization: 6 best practices,components of AI-powered video localization include:  - **Subtitling:** Automatically generate and translate video subtitles and captions to accelerat,AI video translator,"Strong fit — 14 relevant keywords found: translate video, video translation, video localization, dub, dubbing. Content discusses topics where a video "
akool.com,https://akool.com/blog-posts/ai-training-videos,75.0,strong,"multiple languages, translate training, global audience, global workforce, translation tool",,AI Training Videos: Translation Tools Simplify Global,"training videos are transformative for global operations, making it possible to deliver training in multiple languages from a single source video.  Th",translate training videos into multiple languages,"Strong fit — 5 relevant keywords found: multiple languages, translate training, global audience, global workforce, translation tool. Content discusses"
lemonlight.com,https://www.lemonlight.com/blog/scale-global-campaigns-using-ai-video-localization/,74.0,strong,"video localization, dub, dubbing, voice cloning, multiple languages",,Scale Global Campaigns Using AI Video Localization,"aigns-using-ai-video-localization/#main)  Attract More Customers  # Scale Global Campaigns Using AI Video Localization  January 12, 202612 min read201",AI video localization tool,"Strong fit — 7 relevant keywords found: video localization, dub, dubbing, voice cloning, multiple languages. Content discusses topics where a video tr"
simpleshow.com,https://simpleshow.com/blog/how-to-create-inclusive-corporate-videos-for-global-audiences/,74.0,medium,"global audience, global workforce, subtitle, global teams",,How to create inclusive corporate videos for global audiences,­  How to create inclusive corporate videos for global audiences - simpleshow  Please note: This website includes an accessibility system. Press Contr,AI video translator for global audiences,"Medium fit — 4 relevant keywords found: global audience, global workforce, subtitle, global teams."
verbit.ai,https://verbit.ai/general/dubbing-and-localization-what-you-need-to-know/,74.0,strong,"dub, dubbing, ai dubbing, localize content, content localization",,AI dubbing and content localization,[Skip to main content](https://verbit.ai/general/dubbing-and-localization-what-you-need-to-know/#primary-content)  Blog  # AI dubbing and global conte,AI video translator for global audiences,"Strong fit — 9 relevant keywords found: dub, dubbing, ai dubbing, localize content, content localization. Content discusses topics where a video trans"
vectorsolutions.com,https://www.vectorsolutions.com/resources/course-catalogs/health-safety-environment-hse-foreign-language-training-library/,74.0,medium,"multiple languages, multilingual training, global workforce, non-english",,Multilingual Safety Training HSE Library,hse-foreign-language-training-library/)  ## Translated Safety Courses to Support OSHA Compliance in Multiple Languages  Vector Solutions offers multil,translate training videos into multiple languages,"Medium fit — 4 relevant keywords found: multiple languages, multilingual training, global workforce, non-english."
darwinbox.com,https://darwinbox.com/blog/how-darwinbox-enables-localization,73.0,medium,"multiple languages, global workforce, localization tool",,How Darwinbox Enables Localization,ees that are spread out around the world to communicate and work well together. By offering help in multiple languages and adapting communication tool,AI video translator,"Medium fit — 3 relevant keywords found: multiple languages, global workforce, localization tool."
transperfect.com,https://www.transperfect.com/blog/10-best-practices-video-localization,73.0,strong,"video localization, dub, dubbing, global audience, subtitle",,10 Best Practices for Video Localization,"g, allowing for multilingual users to access a variety of content.  Here are ten best practices for video localization to help your video content reac",AI video localization tool,"Strong fit — 6 relevant keywords found: video localization, dub, dubbing, global audience, subtitle. Content discusses topics where a video translator"
globallink.transperfect.com,https://globallink.transperfect.com/blog/multilingual-marketing-how-to-reach-foreign-language-audiences,73.0,medium,"multiple languages, global audience, multilingual content",,How to Reach a Global Audience with Multilingual Marketing,"tilingual Marketing?**  Multilingual marketing is the practice of promoting products or services in multiple languages. Take Singapore, for example, w",AI video translator for global audiences,"Medium fit — 3 relevant keywords found: multiple languages, global audience, multilingual content."
bloomfire.com,https://bloomfire.com/blog/knowledge-sharing-platform-vs-knowledge-base/,72.0,strong,,,Knowledge Sharing Platform Vs Knowledge Base,,AI video translator,COMPETITOR OPPORTUNITY: Page mentions a competitor. Pitch replacing or adding Synthesia alongside. Article mentions competitors and has limited fit fo
resemble.ai,https://www.resemble.ai/best-voice-ai-models-multilingual-speech/,72.0,strong,"voice cloning, multiple languages, global audience, translation tool, multilingual content",,Best Multilingual AI Text-To-Speech Tools 2026,"And Consent**  Always review usage rights. Confirm commercial licensing, redistribution terms, and voice cloning consent rules. Clear policies protect",AI video translator for global audiences,"Strong fit — 5 relevant keywords found: voice cloning, multiple languages, global audience, translation tool, multilingual content. Content discusses "
sociabble.com,https://www.sociabble.com/blog/sociabble-features/video-communication-uniting-global-teams/,72.0,strong,"video translation, multiple languages, global workforce, subtitle, global teams",,Video Communication: Uniting Global Teams,"the need for messages in multiple languages. This approach also resulted in substantial savings on video translation costs. SEV prioritizes security, ",AI video translator,"Strong fit — 5 relevant keywords found: video translation, multiple languages, global workforce, subtitle, global teams. Content discusses topics wher"
blog.videoscribe.co,https://blog.videoscribe.co/going-global-with-your-explainer-video-voice-over,71.0,medium,"video translation, multiple languages, caption",Naomi Linford,Going global with your explainer video voice-over,", the message may become distorted because the original translator misunderstood something, and the video translation could do more harm than good.  M",AI video translator,"Medium fit — 3 relevant keywords found: video translation, multiple languages, caption."
smartcat.com,https://www.smartcat.com/training-video-creator/,71.0,strong,"video translation, dub, dubbing, ai dubbing, multilingual training",,Training Video Creator - Powered by AI,"ccess\\ \\ Learn about Smartcat AI Dubbing, a groundbreaking multilingual solution that streamlines video translation into more than 280 languages.](h",AI video translator,"Strong fit — 9 relevant keywords found: video translation, dub, dubbing, ai dubbing, multilingual training. Content discusses topics where a video tra"
getblend.com,https://www.getblend.com/blog/influencers-video-content-localization-strategy/,71.0,strong,"video translation, dub, dubbing, lip-sync, content localization",,Video Content Localization Strategy with Influencers,"anded well when told in one language, but it might go over the heads of viewers in another country. Video translations often make minor tweaks to coll",AI video translator,"Strong fit — 7 relevant keywords found: video translation, dub, dubbing, lip-sync, content localization. Content discusses topics where a video transl"
rask.ai,https://www.rask.ai/blog/how-video-content-localization-can-help-scaling-products-global,71.0,strong,"video localization, localize video, dub, dubbing, content localization",,How Video Content Localization Can Help Scaling Your Products,h-of-which-is-critical-to-achieving-a-successful-outcome)  [h3\\ \\ Unboxing the Latest AI Tool for Video Localization](https://www.rask.ai/blog/how-v,AI video localization tool,"Strong fit — 8 relevant keywords found: video localization, localize video, dub, dubbing, content localization. Content discusses topics where a video"
maestra.ai,https://maestra.ai/blogs/video-localization-10-best-practices,71.0,strong,"video localization, dub, dubbing, ai dubbing, voice cloning",,What Is Video Localization? 10 Best Practices,# What Is Video Localization? Best Practices and Examples for 2025  - Updated: 2025-05-09 - [Serra Ardem](https://maestra.ai/authors/serra-ardem) - 7m,AI video localization tool,"Strong fit — 9 relevant keywords found: video localization, dub, dubbing, ai dubbing, voice cloning. Content discusses topics where a video translator"
captions.ai,https://captions.ai/blog/video-localization-a-complete-guide-for-global-brands,71.0,strong,"video localization, dub, dubbing, lip sync, lip-sync",,What Is Video Localization? A Guide For Global Brands,"l. Things like tone, references, and even visual context influence how a message lands.  That’s why video localization has become a priority for globa",AI video localization tool,"Strong fit — 7 relevant keywords found: video localization, dub, dubbing, lip sync, lip-sync. Content discusses topics where a video translator link a"
typeface.ai,https://www.typeface.ai/blog/how-to-use-ai-to-repurpose-video-content,71.0,strong,repurpose video,,How to Use AI to Repurpose Videos,"June 17, 2025  # How to Use AI to Repurpose Videos into Blogs, Emails, and Social Posts  ![Akshita Sharma](https://images.ctfassets.net/x690ow8339ug/1",AI video translator,COMPETITOR OPPORTUNITY: Page mentions a competitor. Pitch replacing or adding Synthesia alongside. Article mentions competitors and has limited fit fo
infosysbpm.com,https://www.infosysbpm.com/blogs/digital-business-services/global-content-strategy-approach-for-brands.html,71.0,medium,"multiple languages, global audience, global teams",Infosys BPM,Scaling content with a global content strategy,"re while maintaining a high level of quality. For instance, businesses can scale content efforts in multiple languages and formats with minimal manual",AI video translator for global audiences,"Medium fit — 3 relevant keywords found: multiple languages, global audience, global teams."
theinvestorspodcast.com,https://www.theinvestorspodcast.com/business/global-podcasting-strategies-for-translating-your-audio-content/,71.0,strong,"dub, dubbing, global audience, non-english, subtitle",,Global Podcasting: Strategies for Translating Audio,"fast, but human translators offer more authenticity and cultural translation.  ### Employ AI Voice Dubbing for Smooth Translations  Rather than offer ",AI video translator for global audiences,"Strong fit — 8 relevant keywords found: dub, dubbing, global audience, non-english, subtitle. Content discusses topics where a video translator link a"
bigvu.tv,https://bigvu.tv/blog/drive-global-e-commerce-sales-master-multilingual/,70.0,strong,"multilingual video, multiple languages, subtitle, caption, multilingual content",,Drive Global E-commerce Sales: Master Multilingual Video,"an emotion. To help you dominate the digital marketplace, we will explore:  - Expert strategies for multilingual video marketing to expand your global",multilingual video translation,"Strong fit — 5 relevant keywords found: multilingual video, multiple languages, subtitle, caption, multilingual content. Content discusses topics wher"
creatify.ai,https://creatify.ai/blog/reaching-global-audiences-with-multilingual-video-content,70.0,medium,"multilingual video, multiple languages, global audience, multilingual content",Creatify Team,Reaching Global Audiences with Multilingual Video Content,[Video Marketing](https://creatify.ai/category/video-marketing)  # Reaching global audiences with multilingual video content  ![](https://frameruserco,multilingual video translation,"Medium fit — 4 relevant keywords found: multilingual video, multiple languages, global audience, multilingual content."
idearocketanimation.com,https://idearocketanimation.com/18413-distribute-video-content/,70.0,medium,"international audience, repurpose video, caption",,10 Clever Ways To Distribute and Repurpose Video Content,"om/16934-guide-translating-video-content/) into different languages can help broaden your reach for international audiences.  Plus, transcription crea",AI video translator for global audiences,"Medium fit — 3 relevant keywords found: international audience, repurpose video, caption."
trtc.io,https://trtc.io/blog/details/how-to-translate-subtitles,69.0,medium,"multilingual video, subtitle, translation tool",,How to Translate Subtitles: Complete Guide 2026,"ours of video are uploaded to YouTube alone. With audiences spanning 100+ countries, the demand for multilingual video content has never been higher. ",multilingual video translation,"Medium fit — 3 relevant keywords found: multilingual video, subtitle, translation tool."
languagewire.com,https://www.languagewire.com/blog/how-to-make-a-good-explainer-video/,68.0,medium,"dub, dubbing, ai dubbing",language need,How to make a good explainer video,ervices/in-country-review/) - [Subtitling](https://www.languagewire.com/services/subtitling/) - [AI Dubbing](https://www.languagewire.com/services/ai-,AI video dubbing and translation,"Medium fit — 3 relevant keywords found: dub, dubbing, ai dubbing."
amberscript.com,https://www.amberscript.com/en/blog/dubbing-vs-subtitles-are-they-both-necessary-for-translation/,68.0,medium,"dub, dubbing, subtitle, caption",industry,Dubbing vs Subtitles: Are They Both Necessary?,[Skip to content](https://www.amberscript.com/en/blog/dubbing-vs-subtitles-are-they-both-necessary-for-translation/#skip-to-content)  Products  [Trans,AI video dubbing and translation,"Medium fit — 4 relevant keywords found: dub, dubbing, subtitle, caption."
academyocean.com,https://academyocean.com/features/multilingual-lms,67.0,medium,"multiple languages, multilingual training, global teams",,Multilingual LMS for Diverse E-Learning,administration/icon_1.webp)  ### Breaking Language Barriers  Seamlessly provide training content in multiple languages with [LMS for franchisors](http,translate training videos into multiple languages,"Medium fit — 3 relevant keywords found: multiple languages, multilingual training, global teams."
welocalize.com,https://www.welocalize.com/insights/is-your-marketing-localization-strategy-ready-for-whats-next-trends-for-global-teams/,67.0,strong,"dub, dubbing, subtitle, caption, multilingual content",,Marketing Localization Strategy Trends,"now a core expectation. Brands are expanding their use of subtitles, captions, and market-specific dubbing to meet audience preferences.  ## The Role ",AI video dubbing and translation,"Strong fit — 6 relevant keywords found: dub, dubbing, subtitle, caption, multilingual content. Content discusses topics where a video translator link "
vidjet.com,https://www.vidjet.com/blog/understanding-the-importance-of-video-localisation-to-boost-e-learning,66.0,strong,"video localization, global audience, subtitle, caption, localization tool",,Video Localisation to Boost E-Learning,d78f1e1_6.png)  ## Summary  This guide provides you with a comprehensive overview of the e-learning video localization process. It outlines the signif,AI video localization tool,"Strong fit — 5 relevant keywords found: video localization, global audience, subtitle, caption, localization tool. Content discusses topics where a vi"
talkingpts.org,https://talkingpts.org/blog/engage-all-families-with-translated-video-captions/6036/,65.0,medium,"video translation, non-english, caption",Paige DeLozier,Engage families with translated video captions,on technology nonprofit  [TalkingPoints](http://35.90.209.29/) announced that it has launched a new video translation feature designed to facilitate m,AI video translator,"Medium fit — 3 relevant keywords found: video translation, non-english, caption."
perso.ai,https://perso.ai/de/blog/fastest-way-to-make-multilingual-videos,62.0,strong,"video localization, dub, dubbing, voice cloning, lip-sync",,Fastest Way to Make Multilingual Videos,ed-and-quality-matter-in-multilingual-video-creation) [What Makes Perso AI a Strong Choice for Fast Video Localization](https://perso.ai/de/blog/faste,translate training videos into multiple languages,"Strong fit — 13 relevant keywords found: video localization, dub, dubbing, voice cloning, lip-sync. Content discusses topics where a video translator "
voquent.com,https://www.voquent.com/blog/how-to-grow-your-channel-with-the-youtube-multi-audio-track-feature/,62.0,strong,"dub, dubbing, global audience, international audience, subtitle",,How to Grow your Channel with YouTube Multi Audio,actors/female/)   - [Non-Binary](https://www.voquent.com/voice-actors/non-binary/) - [Translation & Dubbing](https://www.voquent.com/dubbing/)   - [Tr,AI video translator for global audiences,"Strong fit — 6 relevant keywords found: dub, dubbing, global audience, international audience, subtitle. Content discusses topics where a video transl"
devopsschool.com,https://www.devopsschool.com/blog/top-10-ai-multilingual-voiceover-tools-in-2025-features-pros-cons-comparison/,61.0,medium,"dub, dubbing, voice cloning, multiple languages",,Top 10 AI Multilingual Voiceover Tools 2026,"audio processing to deliver lifelike voices, capturing nuances like tone, pitch, and emotion. From dubbing videos and narrating e-learning modules to ",AI video dubbing and translation,"Medium fit — 4 relevant keywords found: dub, dubbing, voice cloning, multiple languages."
camb.ai,https://www.camb.ai/es/blog-post/the-ultimate-guide-to-video-translation-tools-and-tips,61.0,strong,"video translation, dub, dubbing, multiple languages, global audience",,Ultimate Guide to Video Translation Tools,# 4 Best Video Translation Tools & Tips (2026 Update)  Discover the best video translation services and software for seamless localization. Essential ,AI video translator,"Strong fit — 9 relevant keywords found: video translation, dub, dubbing, multiple languages, global audience. Content discusses topics where a video t"
thewordpoint.com,https://thewordpoint.com/blog/e-learning-localization-and-e-learning-translation-requirements-guide,61.0,medium,"content localization, global audience, subtitle",,E-Learning Localization and Translation Guide,nderstanding the core e-learning translation requirements and discuss the importance of [e-learning content localization](https://thewordpoint.com/ser,AI video translator for global audiences,"Medium fit — 3 relevant keywords found: content localization, global audience, subtitle."
fish.audio,https://fish.audio/blog/ai-audio-translation/,60.0,strong,"dub, dubbing, voice cloning, multiple languages, translate content",,AI Audio Translation: Complete Guide 2026,"edia & Entertainment  - Films, documentaries, and podcasts can be localized faster than traditional dubbing.   ##### Features to Look for in AI Voice ",AI video translator for global audiences,"Strong fit — 10 relevant keywords found: dub, dubbing, voice cloning, multiple languages, translate content. Content discusses topics where a video tr"
translate.one,https://www.translate.one/how-to-increase-your-global-audience-reach-with-video-translation/,59.0,strong,"video translation, global audience, international audience, subtitle, caption",Translate.One,Increase Global Reach With Video Translation,dience-reach-with-video-translation/#brx-footer)  # How to Increase Your Global Audience Reach With Video Translation  Video is a powerful marketing t,AI video translator,"Strong fit — 5 relevant keywords found: video translation, global audience, international audience, subtitle, caption. Content discusses topics where "
acclaro.com,https://www.acclaro.com/blog/maximizing-impact-with-localized-video-your-complete-guide/,59.0,strong,"video translation, video localization, localize video, dub, dubbing",,Maximizing Impact with Localized Video,"ket.  ## Understanding localized video  So, what is video localization, and how does it differ from video translation? Simply put, it’s the process of",AI video translator,"Strong fit — 8 relevant keywords found: video translation, video localization, localize video, dub, dubbing. Content discusses topics where a video tr"
vozo.ai,https://www.vozo.ai/blogs/dub-vs-subtitles,59.0,strong,"video localization, dub, dubbing, lip sync, lip-sync",,Dub vs Subtitles: Which is Better for Video Localization,ontent/uploads/2025/06/11104238/dubbing-vs-subtitles.webp)  # Dub vs Subtitles: Which is Better for Video Localization  ![Picture of Sarah Miller](htt,AI video localization tool,"Strong fit — 7 relevant keywords found: video localization, dub, dubbing, lip sync, lip-sync. Content discusses topics where a video translator link a"
sync.so,https://sync.so/blog/how-to-use-ai-lip-sync-tools-for-professional-video-editing-step-by-step-guide-2/,58.0,medium,"dub, dubbing, lip sync, lip-sync",,How to use ai lip-sync tools for video editing,like interviews and e-learning. - [fal](https://fal.ai/?ref=sync.so): Specializes in multi-language dubbing with customizable tones.  **Step 2: Upload,AI video dubbing and translation,"Medium fit — 4 relevant keywords found: dub, dubbing, lip sync, lip-sync."
motionpoint.com,https://www.motionpoint.com/blog/unlocking-new-markets-with-localized-video-content-in-2025/,57.0,strong,"multilingual video, multiple languages, global audience, subtitle, localization tool",,Unlocking New Markets with Localized Video Content,eliver localized video content that speaks directly to diverse cultures and languages. A successful multilingual video strategy not only fosters deepe,multilingual video translation,"Strong fit — 6 relevant keywords found: multilingual video, multiple languages, global audience, subtitle, localization tool. Content discusses topics"
gmrtranscription.com,https://www.gmrtranscription.com/blog/podcast-translation-are-podcasts-getting-more-multilingual,56.0,medium,"multiple languages, global audience, subtitle",,Podcast Translation: More Multilingual?,ts of Creating Multilingual Podcasts**  Transcribing and translating English-language podcasts into multiple languages is generally worth the effort a,AI video translator for global audiences,"Medium fit — 3 relevant keywords found: multiple languages, global audience, subtitle."
qandle.com,https://www.qandle.com/blog/ai-for-global-hr/,56.0,medium,"global workforce, caption, global teams, multilingual learning",,AI Global HR: Managing Multilingual Remote Teams,agement systems](https://www.qandle.com/performance-management-software.html) creates comprehensive global workforce visibility.  ## **How Can AI Help,AI video translator,"Medium fit — 4 relevant keywords found: global workforce, caption, global teams, multilingual learning."
clueso.io,https://www.clueso.io/blog/ai-video-translation,56.0,strong,"translate video, video translation, video localization, localize video, multiple languages",,AI Video Translation for Customer Education,"lly translating each video or shelling out big bucks on expensive translation agencies, you can now translate videos in minutes, not weeks, with AI.  ",AI video translator,"Strong fit — 9 relevant keywords found: translate video, video translation, video localization, localize video, multiple languages. Content discusses "
localizationinstitute.com,https://www.localizationinstitute.com/a-media-localization-primer-types-challenges-and-future-avenues/,56.0,strong,"dub, dubbing, lip sync, lip-sync, subtitle",,A Media Localization Primer,"opportunities.  There are three main types of media localization: (1) subtitling & captioning, (2) dubbing, and (3) voice-over. The type of media loca",AI video dubbing and translation,"Strong fit — 6 relevant keywords found: dub, dubbing, lip sync, lip-sync, subtitle. Content discusses topics where a video translator link adds value."
guildhawk.com,https://www.guildhawk.com/blog/what-is-ai-dubbing-your-comprehensive-guide-from-guildhawk,54.0,strong,"dub, dubbing, ai dubbing, voice cloning, lip sync",,What is AI Dubbing? Comprehensive guide,guildhawk.com/)  ![open-menu](https://www.guildhawk.com/hubfs/Hamburger%20Menu%20Icon@2x.svg)  ![AI dubbing](https://www.guildhawk.com/hs-fs/hubfs/AI-,multilingual video translation,"Strong fit — 6 relevant keywords found: dub, dubbing, ai dubbing, voice cloning, lip sync. Content discusses topics where a video translator link adds"
lipsync.studio,https://lipsync.studio/blog/how-to-lip-sync-video,53.0,strong,"dub, dubbing, voice cloning, lip sync, lip-sync",,Complete Guide to AI-Powered Video Lip Synchronization,eo.png&w=1920&q=75)  ## What is Video Lip Sync?  Video lip sync (also known as lip-syncing or audio dubbing) is the process of synchronizing a person',AI video translator for global audiences,"Strong fit — 8 relevant keywords found: dub, dubbing, voice cloning, lip sync, lip-sync. Content discusses topics where a video translator link adds v"
trainn.co,https://trainn.co/blog/how-to-use-videos-in-customer-service/,52.0,strong,,,Enhance Customer Service with Videos,,AI video translator,COMPETITOR OPPORTUNITY: Page mentions a competitor. Pitch replacing or adding Synthesia alongside. Article mentions competitors and has limited fit fo
beverlyboy.com,https://beverlyboy.com/filmmaking/what-is-multilingual-testimonial-production/,50.0,strong,"multilingual video, multiple languages, global audience, subtitle, caption",,What Is Multilingual Testimonial Production,"rs are more likely to believe and act upon stories delivered in their native tongue.  Additionally, multilingual videos often get more traction on soc",multilingual video translation,"Strong fit — 6 relevant keywords found: multilingual video, multiple languages, global audience, subtitle, caption. Content discusses topics where a v"
growth-engines.com,https://growth-engines.com/insights/branding/maintaining-consistent-brand-identity-across-digital-markets,49.0,strong,,,Consistent Brand Identity Across Digital Markets,,AI video translator,COMPETITOR OPPORTUNITY: Page mentions a competitor. Pitch replacing or adding Synthesia alongside. Article mentions competitors and has limited fit fo
bluecarrot.io,https://bluecarrot.io/blog/how-to-develop-multilingual-e-learning-videos-8-steps-to-global-success/,49.0,strong,"dub, dubbing, multiple languages, content localization, global audience",,8 Steps to Develop Multilingual E-Learning Video Content,ng video content requires careful planning and execution. It goes beyond simply adding subtitles or dubbing existing videos. This article presents a c,AI video translator for global audiences,"Strong fit — 6 relevant keywords found: dub, dubbing, multiple languages, content localization, global audience. Content discusses topics where a vide"
supertone.ai,https://www.supertone.ai/en/work/global-content-my-voice-ai-23-languages,49.0,strong,"dub, dubbing, ai dubbing, voice cloning, multilingual content",,Complete Guide to AI Voice Cloning in 23 Languages,"0d5e61c486b5_%EC%97%85%EB%8D%B0%EC%9D%B4%ED%8A%B8_ko.png)](https://www.supertone.ai/en/work/play-ai-dubbing-usability-update)[January 26, 2026\\ \\ Pl",AI video dubbing and translation,"Strong fit — 5 relevant keywords found: dub, dubbing, ai dubbing, voice cloning, multilingual content. Content discusses topics where a video translat"
ssojet.com,https://ssojet.com/blog/video-translation-for-sso-training,49.0,strong,"video translation, dub, dubbing, multilingual video, multilingual training",,How Video Translation Enhances Multilingual User Training,# How Video Translation Enhances Multilingual User Training for SSO and Access Management Systems  Cybersecurity  IAM  SSO  Localization  Enterprise T,AI video translator,"Strong fit — 8 relevant keywords found: video translation, dub, dubbing, multilingual video, multilingual training. Content discusses topics where a v"
wowto.ai,https://wowto.ai/blog/how-to-create-a-content-localization-strategy-for-customer-education,49.0,medium,"multiple languages, translate content, content localization, global audience",,Content Localization Strategy for Customer Education,"increased revenue opportunities. For instance, a SaaS company offering localized product guides in multiple languages can cater to diverse industries ",AI video translator for global audiences,"Medium fit — 4 relevant keywords found: multiple languages, translate content, content localization, global audience."
veracontent.com,https://veracontent.com/mix/global-content-strategy/,47.0,medium,"multiple languages, global audience, multilingual content",Bridget Langer,Creating a global content strategy,and culture.  **Global content strategies outline a framework for creating and managing content in multiple languages and regions**. They cover more t,AI video translator for global audiences,"Medium fit — 3 relevant keywords found: multiple languages, global audience, multilingual content."
xtm.ai,https://xtm.ai/blog/content-localization,47.0,medium,"content localization, international audience, subtitle, global teams",Grace Cowan,Everything you need to know about content localization,"- [XTM Blog](https://xtm.ai/blog) - Everything you need to know about content localization  October 21, 2025[Translation management](https://xtm.ai/bl",AI video translator for global audiences,"Medium fit — 4 relevant keywords found: content localization, international audience, subtitle, global teams."
pixeltable.com,https://www.pixeltable.com/blog/automated-video-translation-voiceover-pipeline,47.0,medium,"video translation, video localization, multilingual video, multiple languages",,Automated Video Translation Pipeline,erimentation Loop](https://www.pixeltable.com/blog/iterate-on-data-not-infrastructure)  ![Automated Video Translation Pipeline: From Audio Transcripti,AI video translator,"Medium fit — 4 relevant keywords found: video translation, video localization, multilingual video, multiple languages."
shootsta.com,https://shootsta.com/blog/video-content-localization-global-markets/,45.0,strong,"video translation, video localization, dub, dubbing, content localization","Mark AshworthJuly 9, 2025",Video Content Localization for Global Markets,es production efficiency with cultural fit.  ## Translation and Linguistic Adaptation  Professional video translation needs specialized audiovisual sk,AI video translator,"Strong fit — 8 relevant keywords found: video translation, video localization, dub, dubbing, content localization. Content discusses topics where a vi"
emptrust.com,https://www.emptrust.com/multilingual-onboarding-the-art-of-driving-employee-engagement-with-translated-material/,44.0,medium,"multiple languages, translate training, multilingual onboarding",,Multilingual Onboarding: Driving Employee Engagement,ransition for newcomers.  3. **Multilingual Orientation Sessions**: Conduct orientation sessions in multiple languages to provide a comprehensive unde,translate training videos into multiple languages,"Medium fit — 3 relevant keywords found: multiple languages, translate training, multilingual onboarding."
taia.io,https://taia.io/resources/blog/localization-trends-future-global-communication/,44.0,strong,"dub, dubbing, ai dubbing, voice cloning, lip-sync",,Top 5 Localization Trends in 2026,ear-perfect speech-to-text transcription in 100+ languages - **AI voice cloning** creates realistic dubbing using synthesized voices (though quality s,multilingual video translation,"Strong fit — 11 relevant keywords found: dub, dubbing, ai dubbing, voice cloning, lip-sync. Content discusses topics where a video translator link add"
birdeatsbug.com,https://birdeatsbug.com/blog/video-captioning-best-practices,43.0,medium,"subtitle, caption, video accessibility",,15 Video Captioning Best Practices,gh-Quality Captions](https://birdeatsbug.com/blog/video-captioning-best-practices#) - [Captions vs. Subtitles vs. Transcripts: Key Differences Explain,AI video translator,"Medium fit — 3 relevant keywords found: subtitle, caption, video accessibility."
lipdub.ai,https://www.lipdub.ai/blogs/marketing-localization,42.0,strong,"translate video, video translation, video localization, localize video, dub",,Marketing Localization: 7 Best Practices,"tter too—layout, colors, imagery, and even iconography may need adjustment. With LipDub AI, you can translate video dialogue while preserving the orig",AI video translator,"Strong fit — 9 relevant keywords found: translate video, video translation, video localization, localize video, dub. Content discusses topics where a "
filmgrail.com,https://filmgrail.com/blog/how-to-localize-video-content-for-global-audiences/,41.0,strong,"video localization, localize video, dub, dubbing, global audience",,How to Localize Video Content for Global Audiences,"does it matter? Studies show **72.4% of consumers prefer buying in their native language**, and the video localization market is expected to reach **$",AI video localization tool,"Strong fit — 7 relevant keywords found: video localization, localize video, dub, dubbing, global audience. Content discusses topics where a video tran"
assimasolutions.com,https://assimasolutions.com/resources/blog/why-traditional-onboarding-fails-for-global-teams-and-what-to-do-about-it/,41.0,strong,"translate training, multilingual training, multilingual onboarding, global workforce, global teams",,Multilingual Onboarding Challenges,"arding programs come with certain hurdles, which include:  ### Language Barriers  Since you need to translate training from the language the learning ",translate training videos into multiple languages,"Strong fit — 5 relevant keywords found: translate training, multilingual training, multilingual onboarding, global workforce, global teams. Content di"
jrlanguage.com,https://jrlanguage.com/blog/elearning-translation-essential-best-practices-for-a-global-audience/,41.0,medium,"video localization, global audience, international audience",including eLearning translation services,eLearning Translation: Essential Best Practices,"e presence of on-screen text on videos adds to the videos’ comprehension but adds complexity to the video localization. So, plan to have the source fi",AI video localization tool,"Medium fit — 3 relevant keywords found: video localization, global audience, international audience."
vatis.tech,https://vatis.tech/blog/how-to-translate-youtube-videos-your-easy-guide,40.0,strong,"multiple languages, global audience, subtitle, caption, translation tool",,How to Translate YouTube Videos: Easy Guide,")  3. **Translate Your File**: Once the video transcription is complete, choose from any of the 30+ multiple languages supported to translate your fil",AI video translator for global audiences,"Strong fit — 5 relevant keywords found: multiple languages, global audience, subtitle, caption, translation tool. Content discusses topics where a vid"
ottolearn.com,https://www.ottolearn.com/post/111-simplify-multilingual-content-with-the-right-microlearning-platform,39.0,strong,"multiple languages, translate content, multilingual training, global audience, multilingual content",,Simplify Multilingual Content with Microlearning Platform,_day.png)  ## Large organizations may have a global audience of diverse learners who speak and read multiple languages.  Or all the employees might be,translate training videos into multiple languages,"Strong fit — 5 relevant keywords found: multiple languages, translate content, multilingual training, global audience, multilingual content. Content d"
ivannovation.com,https://ivannovation.com/blog/how-to-translate-videos/,38.0,strong,"translate video, video translation, video localization, localize video, global audience",Guest,How to Translate Videos: Step-by-Step Guide,o closeSearch  [Close Search](https://ivannovation.com/blog/how-to-translate-videos/#)  ![videotape translate video](https://ivannovation.com/wp-conte,AI video translator,"Strong fit — 7 relevant keywords found: translate video, video translation, video localization, localize video, global audience. Content discusses top"
transyncai.com,https://www.transyncai.com/blog/how-to-translate-youtube-video-to-english/,36.0,medium,"subtitle, caption, translation tool",Jun Chen,How to Translate YouTube Video to English,"ws is, in 2025, there are several smart ways to translate YouTube videos to English — from built-in subtitle tools to advanced **AI-powered translator",AI video translator,"Medium fit — 3 relevant keywords found: subtitle, caption, translation tool."
astlanguage.com,https://www.astlanguage.com/blog/how-multilingual-training-benefits-organisations-dei-efforts/,35.0,medium,"multiple languages, multilingual training, global workforce, non-english",,How Multilingual Training Benefits DEI Efforts,/) serves as a powerful tool for advancing DEI within organisations. Offering training materials in multiple languages fosters inclusivity by ensuring,translate training videos into multiple languages,"Medium fit — 4 relevant keywords found: multiple languages, multilingual training, global workforce, non-english."
1stopasia.com,https://www.1stopasia.com/blog/voice-cloning-ai-dubbing-multilingual-content/,35.0,strong,"dub, dubbing, ai dubbing, voice cloning, multiple languages",,Voice Cloning and AI Dubbing for Scalable Global Content,"# Voice Cloning and AI Dubbing: The Future of Multilingual Content Creation  - by [Yana Dinchiyska](https://www.1stopasia.com/blog/author/yana/ ""Posts",AI video dubbing and translation,"Strong fit — 9 relevant keywords found: dub, dubbing, ai dubbing, voice cloning, multiple languages. Content discusses topics where a video translator"
shortgenius.com,https://shortgenius.com/blog/lip-sync-ai,35.0,strong,"dub, lip sync, lip-sync, multiple languages, content localization",,A Creator's Guide to Mastering Lip Sync AI,"AI transforms video creation. Learn what it is, how it works, and how to use it to create perfectly dubbed content for a global audience.  Ever wanted",AI video translator for global audiences,"Strong fit — 8 relevant keywords found: dub, lip sync, lip-sync, multiple languages, content localization. Content discusses topics where a video tran"
pitchavatar.com,https://pitchavatar.com/video-dubbing-guide/,34.0,strong,"dub, dubbing, ai dubbing, voice cloning, lip-sync",,"Video Dubbing: Process, Tools & AI Trends","[Skip to content](https://pitchavatar.com/video-dubbing-guide/#content)  # Video Dubbing: Process, Tools & AI Trends Explained  - Updated: April 7, 20",AI video dubbing and translation,"Strong fit — 7 relevant keywords found: dub, dubbing, ai dubbing, voice cloning, lip-sync. Content discusses topics where a video translator link adds"
aidubbing.io,https://aidubbing.io/blog/grow-your-youtube-channel-with-audio-dubbing,34.0,medium,"dub, dubbing, ai dubbing, subtitle",,Grow Your YouTube Channel With Audio Dubbing,# Grow Your YouTube Channel With Audio Dubbing  ![How to Grow Your YouTube Channel With Audio Dubbing](https://cdn.zbaseglobal.com/saasbox/resources/j,AI video dubbing and translation,"Medium fit — 4 relevant keywords found: dub, dubbing, ai dubbing, subtitle."
blog.andovar.com,https://blog.andovar.com/elearning-localization-ultimate-guide,34.0,strong,"video translation, dub, dubbing, global audience, subtitle",,eLearning Localization: Ultimate Guide,e) - [Software](https://blog.andovar.com/tag/software) - [TMS](https://blog.andovar.com/tag/tms) - [Video Translation](https://blog.andovar.com/tag/vi,AI video translator,"Strong fit — 6 relevant keywords found: video translation, dub, dubbing, global audience, subtitle. Content discusses topics where a video translator "
travod.com,https://travod.com/blog/rise-of-global-video,33.0,strong,"video translation, video localization, dub, dubbing, multiple languages",,The rise of global video: A guide to professional video,ocalization wrong isn't just a missed opportunity. It's a brand killer.  The truth is: professional video translation services aren't luxury add-ons a,AI video translator,"Strong fit — 7 relevant keywords found: video translation, video localization, dub, dubbing, multiple languages. Content discusses topics where a vide"
aimagicx.com,https://www.aimagicx.com/blog/ai-dubbing-video-localization-global-growth-2026,33.0,strong,"video localization, dub, dubbing, ai dubbing, voice cloning",,Scale Content Globally with AI Dubbing,https://www.aimagicx.com/blog)  # How to Scale Your Content to Global Audiences with AI Dubbing and Video Localization  There are 2.1 billion English ,AI video localization tool,"Strong fit — 11 relevant keywords found: video localization, dub, dubbing, ai dubbing, voice cloning. Content discusses topics where a video translato"
webrand.com,https://webrand.com/blog/localization/enterprise-top-5-multilingual-content-management-challenges-solutions,32.0,medium,"multiple languages, localization tool, multilingual content",,Top 5 Multilingual Content Management Challenges,"Even with the best creative and localization partners, getting a campaign from concept to launch in multiple languages is rarely a straight line. More",AI video translator,"Medium fit — 3 relevant keywords found: multiple languages, localization tool, multilingual content."
vireovideo.com,https://www.vireovideo.com/how-to-reach-global-audiences-on-youtube/,32.0,strong,"dub, dubbing, multiple languages, global audience, international audience",,How to Reach Global Audiences on YouTube,"ctive ways to reach global audiences on YouTube. We’ll cover those new features like multi-language dubbing, and the various strategies to consider fo",AI video translator for global audiences,"Strong fit — 8 relevant keywords found: dub, dubbing, multiple languages, global audience, international audience. Content discusses topics where a vi"
blog.jobpixel.com,https://blog.jobpixel.com/enhancing-diversity-inclusion-multilingual-video-campaigns,32.0,strong,"dub, dubbing, ai dubbing, multilingual video, multiple languages",,Enhancing Diversity with Multilingual Video Campaigns,"tilingual video campaigns can drive diversity and inclusion:  1. **Reaching a Global Audience**  By dubbing videos into multiple languages, you can co",multilingual video translation,"Strong fit — 6 relevant keywords found: dub, dubbing, ai dubbing, multilingual video, multiple languages. Content discusses topics where a video trans"
blog.ollang.com,https://blog.ollang.com/en/blog-details/subtitling-videos-for-global-employees,31.0,strong,"video localization, dub, dubbing, multilingual video, global workforce",,Subtitling Corporate Videos For A Global Workforce,"uld shift to formulating an optimal localization strategy, one that achieves seamless, high-quality video localization at scale.  This article aims to",AI video localization tool,"Strong fit — 7 relevant keywords found: video localization, dub, dubbing, multilingual video, global workforce. Content discusses topics where a video"
lemonfox.ai,https://www.lemonfox.ai/blog/best-ai-dubbing-software,31.0,strong,"video translation, video localization, dub, dubbing, ai dubbing",the end of this art,12 Best AI Dubbing Software Platforms,"enlabs.io/)  ## 3\. HeyGen  HeyGen operates as a powerful AI video generator that integrates robust video translation and dubbing features, making it ",AI video translator,"Strong fit — 10 relevant keywords found: video translation, video localization, dub, dubbing, ai dubbing. Content discusses topics where a video trans"
rippleanimation.com,https://www.rippleanimation.com/blog/tips-to-create-multilingual-explainer-videos-with-ai/,30.0,strong,"dub, dubbing, multilingual video, multiple languages, global audience",,Tips To Create Multilingual Explainer Videos,"your choice but will also be able to recreate it into various languages.  Before AI tools came in, dubbing was a cumbersome and expensive process. You",multilingual video translation,"Strong fit — 5 relevant keywords found: dub, dubbing, multilingual video, multiple languages, global audience. Content discusses topics where a video "
captioningstar.com,https://www.captioningstar.com/blog/lip-dubbing-guide/,30.0,strong,"dub, dubbing, ai dubbing, lip sync, lip-sync",,Ultimate Guide to Lip Dubbing,Skip links  - [Skip to primary navigation](https://www.captioningstar.com/blog/lip-dubbing-guide/#primary) - [Skip to content](https://www.captionings,AI video dubbing and translation,"Strong fit — 6 relevant keywords found: dub, dubbing, ai dubbing, lip sync, lip-sync. Content discusses topics where a video translator link adds valu"
keevx.com,https://www.keevx.com/en/blog/best-ai-video-translators-in-2026-features-quality-use-cases,29.0,strong,"video translation, video localization, dub, dubbing, voice cloning",,Best AI Video Translators 2026,"ake multilingual content accessible to businesses of all sizes.  This guide breaks down the best AI video translation tools available in 2026, compari",AI video translator,"Strong fit — 13 relevant keywords found: video translation, video localization, dub, dubbing, voice cloning. Content discusses topics where a video tr"
hashmeta.ai,https://www.hashmeta.ai/en/blog/ai-content-localization-how-to-adapt-marketing-content-for-global-markets-at-scale,29.0,medium,"multiple languages, localize content, content localization",,How to Adapt Marketing Content for Global Markets at Scale,10x  Faster Delivery  Minutes  vs. Weeks  ⚡  #### Speed & Scale  Localize content in minutes across multiple languages simultaneously  🎯  #### Cultura,AI video translator,"Medium fit — 3 relevant keywords found: multiple languages, localize content, content localization."
optimational.com,https://optimational.com/blog/youtube-video-translation-best-practices-for-seo/,28.0,medium,"video translation, subtitle, caption",,SEO Best Practices for YouTube Video Translation,https://optimational.com/blog/youtube-video-translation-best-practices-for-seo/#content)  # YouTube Video Translation: Best Practices for SEO  This gu,AI video translator,"Medium fit — 3 relevant keywords found: video translation, subtitle, caption."
thinkbrandedmedia.com,https://thinkbrandedmedia.com/blog/expanding-your-reach-tips-for-adding-multiple-languages-to-subtitles/,28.0,medium,"multiple languages, global audience, international audience, subtitle",,Tips for Adding Multiple Languages to Subtitles,ia) - [twitter](https://twitter.com/think_branded?lang=en)  # Expanding Your Reach: Tips for Adding Multiple Languages to Subtitles  Published date: A,AI video translator for global audiences,"Medium fit — 4 relevant keywords found: multiple languages, global audience, international audience, subtitle."
aglatech14.com,https://www.aglatech14.com/en/how-to-make-your-videos-accessible-with-multilingual-subtitles/,28.0,medium,"global audience, subtitle, video accessibility",,Inclusive videos: importance of multilingual subtitles,"but also enrich the entire visual experience, making **videos more accessible and engaging** for a global audience.  ### **Testing and reviewing subti",AI video translator for global audiences,"Medium fit — 3 relevant keywords found: global audience, subtitle, video accessibility."
noiz.ai,https://noiz.ai/use-cases/en/The-Best-Multilingual-AI-Voiceover-Studio,26.0,strong,"video translation, dub, dubbing, voice cloning, multilingual video",,Best Multilingual AI Voiceover Studio 2026,"bbing platform that creates ultra-realistic speech from text, offering emotional depth and seamless video translation for over 800,000 users.  Rating:",AI video translator,"Strong fit — 8 relevant keywords found: video translation, dub, dubbing, voice cloning, multilingual video. Content discusses topics where a video tra"
subsub.io,https://www.subsub.io/blog/youtube-video-translation,26.0,strong,"video translation, dub, dubbing, multiple languages, global audience",,YouTube Video Translation: How to Reach a Global Audience,16d08eea26bacb3fa6_arrow-outlined.png)](https://www.subsub.io/blog?redirect_to=u_channels)  YouTube Video Translation – An Easy Guide on How to Reach ,AI video translator,"Strong fit — 9 relevant keywords found: video translation, dub, dubbing, multiple languages, global audience. Content discusses topics where a video t"
spoken-here.com,https://spoken-here.com/best-practices/multilingual-videos-improving-training-for-non-english-speaking-employees/,26.0,medium,"video translation, multilingual video, multilingual training, non-english",,Multilingual Videos Improve Training for Non-English Employees,"ilingual videos can reduce this cost further, as interpretation services are an ongoing cost, while video translation is a one-time expense. Video als",AI video translator,"Medium fit — 4 relevant keywords found: video translation, multilingual video, multilingual training, non-english."
braahmam.net,https://www.braahmam.net/post/how-professional-subtitling-services-improve-multilingual-video-content,26.0,strong,"video translation, multilingual video, multiple languages, global audience, subtitle",,Professional subtitling services improve multilingual video,Us and explore how professional subtitling services can transform your videos.  [Going Global: Why Video Translation is the Key to Connecting with Int,AI video translator,"Strong fit — 5 relevant keywords found: video translation, multilingual video, multiple languages, global audience, subtitle. Content discusses topics"
aviewint.com,https://aviewint.com/blog/video-localization,24.0,strong,"video localization, dub, dubbing, global audience, subtitle",,Video Localization: Adapting Content for Global Audience,![Video Localization: Adapting Your Content for a Global Audience](https://prod-files-secure.s3.us-west-2.amazonaws.com/68b204d8-11ac-47d6-a24e-88cb0a,AI video localization tool,"Strong fit — 5 relevant keywords found: video localization, dub, dubbing, global audience, subtitle. Content discusses topics where a video translator"
trembit.com,https://trembit.com/blog/speech-to-speech-translation-solutions-with-ai-voice-cloning-explained/,23.0,strong,"video translation, dub, dubbing, voice cloning, multiple languages",,Speech-to-speech Translation with AI Voice Cloning,s just the beginning of what AI voice cloning brings to the table.  AI voice cloning revolutionizes video translation by offering several key advantag,AI video translator,"Strong fit — 6 relevant keywords found: video translation, dub, dubbing, voice cloning, multiple languages. Content discusses topics where a video tra"
dubly.ai,https://dubly.ai/blog/how-to-translate-youtube-videos-professionally-and-reach-a-global-audience,22.0,strong,"dub, dubbing, ai dubbing, voice cloning, lip sync",,How to Translate YouTube Videos Professionally,[🚀 Lip Sync 2.0 (beta) is hereLearn more →](https://dubly.ai/lipsync)  GDPR compliant  Made in Germany  Highest quality lip sync  Recommended by YouTu,AI video translator for global audiences,"Strong fit — 9 relevant keywords found: dub, dubbing, ai dubbing, voice cloning, lip sync. Content discusses topics where a video translator link adds"
ugcfactory.io,https://www.ugcfactory.io/blog/tiktok-translation-for-captions-how-it-works-why-it-matters-2025,20.0,medium,"multiple languages, subtitle, caption, translation tool",,TikTok Caption Translation: How It Works,".  But did you notice it also asks for _language?_ Thanks to the translation tool, you can **select multiple languages** and let your ad be seen by mo",AI video translator,"Medium fit — 4 relevant keywords found: multiple languages, subtitle, caption, translation tool."
translinguist.com,https://translinguist.com/blog/translating-youtube-videos-can-increase-viewers-and-revenue/,20.0,strong,"dub, dubbing, multiple languages, global audience, non-english",,Does Translating YouTube Videos Increase Views,ube-videos-can-increase-viewers-and-revenue/#elementor-toc__heading-anchor-7)  2. [2\. Professional Dubbing](https://translinguist.com/blog/translatin,AI video translator for global audiences,"Strong fit — 8 relevant keywords found: dub, dubbing, multiple languages, global audience, non-english. Content discusses topics where a video transla"
