#,Target,Mode,IP,Protocol,URL Rating,Domain Rating,Ahrefs Rank,Organic / Total Keywords,Organic / Keywords (Top 3),Organic / Keywords (4-10),Organic / Keywords (11-20),Organic / Keywords (21-50),Organic / Keywords (51+),Organic / Traffic,Organic / Value,Organic / Top Countries,Paid / Keywords,Paid / Ads,Paid / Traffic,Paid / Cost,Ref. domains / All,Ref. domains / Followed,Ref. domains / Not followed,Ref. IPs / IPs,Ref. IPs / Subnets,Backlinks / All,Backlinks / Followed,Backlinks / Not followed,Backlinks / Redirects,Backlinks / Internal,Outgoing domains / Followed,Outgoing domains / All time,Outgoing links / Followed,Outgoing links / All time
141,vimeo.com/blog/post/video-content-marketing-strategy,prefix,162.159.138.60,both,4.7,96,25,5,2,2,,1,,28,28.48,"(br, 16)",,,,,1,1,,1,1,1,1,,,16,4,4,4,4
196,www.shopify.com/blog/content-localization,prefix,172.64.145.93,both,4.6,96,23,1,,,,,1,,,"(us, 0)",,,,,1,1,,5,5,11,11,,,14,3,12,5,15
229,userway.org/blog/accessible-videos/,prefix,52.222.177.111,both,0,92,336,2,,2,,,,1,1.66,"(us, 1)",,,,,,,,,,,,,,,,,,
8,yoast.com/hreflang-ultimate-guide/,prefix,172.64.155.6,both,11,91,1060,50,14,18,8,7,3,630,1396.17,"(us, 434)",,,,,224,180,49,228,212,528,428,100,,50,12,17,26,33
231,zapier.com/blog/best-ai-video-generator/,prefix,108.138.233.112,both,7,91,570,1531,357,336,172,390,276,85921,53514.26,"(us, 63408)",,,,,900,455,451,926,591,1832,1010,822,1,76,5,46,153,1438
232,www.digitalocean.com/resources/articles/ai-animation-video-generator,prefix,104.19.173.68,both,0,91,890,28,4,3,2,17,2,15,6.17,"(au, 4)",,,,,,,,,,,,,,6,4,35,4,65
253,www.activecampaign.com/blog/localized-marketing,prefix,104.20.1.15,both,6,91,1071,10,1,7,,,2,39,105.72,"(us, 19)",,,,,3,3,,3,3,4,4,,,31,8,10,9,11
257,neilpatel.com/blog/how-to-international-seo/,prefix,104.20.39.45,both,5,91,819,52,19,17,4,9,3,1498,1809.29,"(us, 1041)",,,,,84,70,15,94,80,158,140,18,,44,17,18,66,67
127,www.deepl.com/en/blog/deepl-articulate-localized-workplace-learning,prefix,104.18.39.209,both,4.4,90,1770,,,,,,,,,,,,,,1,1,,1,1,1,1,,,3,19,19,25,25
191,www.on24.com/blog/how-to-repurpose-your-webinar-series-content/,prefix,162.159.135.42,both,4.7,90,1609,,,,,,,,,,,,,,13,10,3,14,14,22,19,3,,31,11,12,13,15
214,www.bamboohr.com/blog/compliance-training,prefix,104.18.84.31,both,0,90,1544,,,,,,,,,,,,,,,,,,,,,,,,,,,
108,www.articulate.com/blog/multilingual-onboarding-why-you-need-it-and-how-to-do-it/,prefix,141.193.213.21,both,4.5,88,2715,,,,,,,,,,,,,,5,3,2,6,6,27,25,2,,3,6,7,6,7
158,community.articulate.com/blog/articles/e-learning-localization-best-practices/1220822,prefix,18.165.227.69,both,4.4,88,2715,,,,,,,,,,,,,,1,1,,1,1,2,2,,,2,,,,
269,www.learnworlds.com/blog/customer-education/customer-education-strategy/,prefix,172.66.2.13,both,0,87,2818,,,,,,,,,,,,,,1,1,,1,1,1,1,,,17,9,11,11,13
288,www.weglot.com/blog/content-localization,prefix,104.18.38.142,both,6,85,5060,13,4,2,1,3,3,40,0.08,"(us, 35)",,,,,27,24,3,35,35,80,73,7,,180,9,13,13,18
87,www.contentful.com/blog/multilingual-content-marketing/,prefix,76.76.21.241,both,0,84,5992,5,3,2,,,,113,247.12,"(us, 48)",,,,,,,,,,,,,,24,8,9,9,10
197,crowdin.com/blog/content-localization,prefix,3.223.15.136,both,0,84,5549,12,1,6,,1,4,6,0.62,"(br, 4)",,,,,4,4,,4,4,4,4,,,,,,,
224,www.transifex.com/blog/how-to-automate-multilingual-video-at-the-speed-of-localization,prefix,199.60.103.228,both,0,84,5535,,,,,,,,,,,,,,2,2,,3,2,17,17,,,32,8,9,11,14
270,www.techsmith.com/blog/videos-for-customer-connection/,prefix,45.60.13.227,both,4.5,84,5647,,,,,,,,,,,,,,1,1,,1,1,1,1,,,1,,,,
11,aioseo.com/the-beginners-guide-to-wordpress-multilingual-seo/,prefix,104.16.150.108,both,4.7,83,6639,6,,,,2,4,,0.49,"(us, 0)",,,,,4,3,1,5,5,9,8,1,,27,15,17,38,45
149,streamyard.com/blog/repurpose-video-content-ai-streamyard,prefix,104.18.12.37,both,0,83,6684,,,,,,,,,,,,,,,,,,,,,,,6,10,11,13,14
182,corp.kaltura.com/blog/saas-video-marketing-strategy-for-growth-examples-and-video-types/,prefix,216.137.53.8,both,0,83,6359,3,2,1,,,,20,63.96,"(us, 20)",,,,,2,2,,2,2,2,2,,1,2,5,6,6,7
33,clipchamp.com/en/blog/video-based-knowledge-remote-teams/,prefix,150.171.109.215,both,6,82,9273,,,,,,,,,,,,,,2,2,,2,1,2,2,,,3,18,18,37,37
200,payproglobal.com/how-to/expand-saas-business-internationally/,prefix,104.18.20.138,both,4.5,82,8085,2,,1,,1,,1,0.07,"(in, 1)",,,,,4,4,,4,4,4,4,,,22,7,8,8,9
273,www.panopto.com/blog/microlearning-in-elearning/,prefix,104.16.25.64,both,4.6,82,9161,10,3,5,1,1,,39,59.92,"(us, 36)",,,,,,,,,,,,,,22,4,8,5,9
3,www.learndash.com/blog/how-to-translate-your-online-course-and-why-its-a-good-idea/,prefix,172.66.156.67,both,4.4,81,10653,,,,,,,,,,,,,,2,2,,2,2,2,2,,,6,18,21,223,254
131,training.safetyculture.com/blog/elearning-translation-services/,prefix,162.159.133.11,both,4.4,81,10813,6,,3,1,2,,52,231.89,"(us, 52)",,,,,,,,,,,,,,2,18,18,25,25
140,localizejs.com/articles/the-ultimate-guide-to-video-marketing-strategy,prefix,172.66.40.57,both,4.5,81,10601,,,,,,,,,,,,,,,,,,,,,,,14,13,14,23,24
285,www.cincopa.com/blog/how-to-localize-e-learning-videos-for-a-global-audience/,prefix,199.232.54.133,both,4.5,81,11310,,,,,,,,,,,,,,,,,,,,,,,4,,,,
27,www.ukg.com/blog/hr-leaders/hrs-guide-cultural-competence-global-workforce,prefix,104.18.35.166,both,0,80,11714,2,,1,1,,,3,2.06,"(us, 3)",,,,,2,2,,2,2,2,2,,,1,,,,
142,www.leadfeeder.com/blog/marketing-strategy/b2b-video-marketing-strategy/,prefix,216.137.53.123,both,0,80,12650,,,,,,,,,,,,,,1,1,,1,1,1,1,,,11,15,16,24,26
170,www.deel.com/blog/companies-best-onboarding-programs/,prefix,104.18.1.216,both,4.6,80,12566,105,44,43,10,3,5,1081,5061.54,"(us, 988)",,,,,9,6,3,9,9,10,6,4,,18,11,11,15,15
205,screenpal.com/blog/product-demo-videos,prefix,34.192.89.141,both,4.7,80,12385,26,4,20,1,1,,139,436.14,"(us, 127)",,,,,7,7,,7,7,16,16,,1,8,11,11,18,25
28,www.aihr.com/blog/global-hr-management/,prefix,172.66.43.178,both,6,79,15538,17,8,5,2,1,1,135,771.72,"(us, 117)",,,,,,,,,,,,,,,16,18,21,23
32,www.powtoon.com/blog/microsoft-teams-5-ways-video-can-enhance-team-communication/,prefix,151.101.2.132,both,4.6,79,14363,1,,1,,,,5,,"(us, 5)",,,,,3,3,,3,3,15,15,,,16,15,16,21,22
74,artlist.io/blog/elevenlabs-multilingual-v2-live-on-artlist/,prefix,172.64.148.143,both,0,79,14857,,,,,,,,,,,,,,,,,,,,,,,4,9,10,10,11
145,playplay.com/blog/repurpose-video-content/,prefix,104.18.27.196,both,4.8,79,17142,11,2,6,1,1,1,29,26.11,"(us, 29)",,,,,5,5,,5,5,5,5,,,18,8,10,8,13
49,www.prosci.com/blog/implementing-change-management-on-a-global,prefix,199.60.103.28,both,4.5,78,17984,1,1,,,,,32,,"(us, 32)",,,,,3,3,,5,5,12,12,,,172,3,7,4,10
60,www.dacast.com/blog/video-training-platform/,prefix,52.85.47.92,both,4.6,78,18453,1,,,,,1,,0,"(us, 0)",,,,,3,3,,3,3,30,30,,,23,5,7,6,10
126,360learning.com/blog/360learning-ai-translations/,prefix,75.2.60.5,both,4.5,78,21096,,,,,,,,,,,,,,3,3,,3,3,15,15,,,5,6,7,7,8
134,www.3playmedia.com/blog/subtitling-vs-dubbing/,prefix,141.193.213.11,both,9,78,21093,18,11,3,,3,1,82,0.25,"(us, 82)",,,,,45,7,38,43,43,65,9,56,,42,11,16,29,45
177,www.superside.com/blog/content-localization,prefix,216.150.16.65,both,4.6,78,18802,,,,,,,,,,,,,,3,3,,4,4,7,7,,1,13,14,14,17,17
218,www.navattic.com/blog/how-to-scale-global-sales-enablement,prefix,66.33.60.67,both,4.6,78,17725,,,,,,,,,,,,,,1,1,,1,1,1,1,,,,2,3,2,3
267,www.skilljar.com/blog/how-to-create-a-content-localization-strategy-for-a-global-learner-audience-best-practices,prefix,198.202.211.1,both,4.5,78,20276,2,,,,2,,,0.06,"(us, 0)",,,,,1,1,,1,1,1,1,,,5,4,5,8,9
1,speechify.com/blog/podcast-dubbing/,prefix,172.67.68.119,both,4.5,77,22542,,,,,,,,,,,,,,,,,,,,,,,48,14,14,17,17
88,poeditor.com/blog/global-localization-examples/,prefix,194.102.238.102,both,0,77,24953,4,2,2,,,,26,,"(us, 19)",,,,,,,,,,,,,,15,4,5,4,5
122,www.rws.com/blog/what-is-video-localization/,prefix,18.165.227.5,both,4.4,77,25043,3,3,,,,,137,146.84,"(us, 130)",,,,,,,,,,,,,,2,9,9,11,11
162,www.happyscribe.com/blog/localizing-elearning-courses-guide,prefix,172.66.145.200,both,4.6,77,23227,,,,,,,,,,,,,,,,,,,,,,,6,6,7,10,11
192,ewebinar.com/blog/7-creative-ways-to-repurpose-your-webinar-content,prefix,18.239.236.94,both,0,77,24553,,,,,,,,,,,,,,,,,,,,,,,,16,17,24,25
279,clearcompany.com/resources/blog/remote-employee-engagement-strategies,prefix,54.172.246.144,both,0,77,23687,,,,,,,,,,,,,,,,,,,,,,,4,12,13,21,22
202,chartmogul.com/blog/prepare-saas-global-expansion/,prefix,108.138.217.105,both,0,76,28584,,,,,,,,,,,,,,,,,,,,,,,11,4,4,5,5
250,phrase.com/blog/posts/language-industry-trends-2026/,prefix,162.159.135.42,both,0,76,26933,,,,,,,,,,,,,,10,9,1,11,11,11,10,1,,2,6,7,8,9
4,senseilms.com/translate-elearning/,prefix,192.0.78.24,both,0,75,36823,,,,,,,,,,,,,,102,1,101,102,83,104,2,102,,5,12,13,25,26
45,www.amnhealthcare.com/amn-insights/language-services/whitepapers/beyond-words-boosting-patient-safety-with-video-localization/,prefix,104.18.43.39,both,0,75,36512,,,,,,,,,,,,,,,,,,,,,,,15,11,11,13,13
52,universumglobal.com/resources/blog/employer-branding-videos:-how-to-create-them-and-best-examples/,prefix,104.18.7.232,both,5,75,35784,6,6,,,,,122,231.95,"(us, 89)",,,,,1,1,,1,1,1,1,,,13,6,6,9,9
125,www.smartling.com/blog/ai-for-video-localization,prefix,199.60.103.30,both,4.4,75,37390,1,,,,,1,,0,"(us, 0)",,,,,,,,,,,,,,11,6,7,7,8
133,akool.com/blog-posts/ai-training-videos,prefix,166.117.9.65,both,5,75,35168,,,,,,,,,,,,,,3,2,1,5,5,196,188,8,,131,8,10,9,12
144,ignitevisibility.com/video-marketing-guide/,prefix,104.19.154.92,both,6,75,33552,3,1,1,,,1,14,0,"(us, 14)",,,,,4,4,,5,4,8,8,,,58,13,14,20,24
167,voice123.com/blog/the-voice-over-industry/dubbing/,prefix,18.245.187.28,both,5,75,34168,3,,1,,2,,1,3.15,"(us, 1)",,,,,,,,,,,,,,81,12,12,13,13
168,www.guidde.com/knowledge-hub/onboarding-video-best-practices-guide-2026,prefix,198.202.211.1,both,0,75,34295,,,,,,,,,,,,,,,,,,,,,,,,7,8,8,9
252,lokalise.com/blog/marketing-localization/,prefix,13.33.153.71,both,4.8,75,37151,22,16,6,,,,487,1386.28,"(us, 330)",,,,,7,5,2,7,7,7,5,2,,25,8,9,20,21
61,www.lemonlight.com/blog/scale-global-campaigns-using-ai-video-localization/,prefix,162.159.137.54,both,8,74,40634,,,,,,,,,,,,,,1,1,,1,1,1,1,,,9,8,11,11,17
111,www.easygenerator.com/en/blog/e-learning/best-training-video-software/,prefix,104.18.12.112,both,0,74,46322,,,,,,,,,,,,,,,,,,,,,,,32,5,6,5,6
114,www.lionbridge.com/blog/translation-localization/top-5-tips-for-localizing-video-and-audio-content/,prefix,20.42.97.140,both,4.5,74,43251,,,,,,,,,,,,,,,,,,,,,,,11,8,8,8,8
152,simpleshow.com/blog/how-to-create-inclusive-corporate-videos-for-global-audiences/,prefix,52.84.118.122,both,4.6,74,44226,,,,,,,,,,,,,,1,1,,1,1,4,4,,,4,8,12,10,14
166,verbit.ai/general/dubbing-and-localization-what-you-need-to-know/,prefix,141.193.213.10,both,6,74,47858,7,6,,,1,,1,0.16,"(in, 1)",,,,,3,2,1,3,3,3,2,1,1,28,2,13,2,19
172,www.hrcloud.com/blog/global-employee-onboarding-guide,prefix,199.60.103.31,both,0,74,40974,,,,,,,,,,,,,,2,2,,3,3,4,4,,,1,13,15,17,20
206,www.daytranslations.com/blog/audio-and-video-translation-capturing-multilingual-audiences-through-media/,prefix,172.67.131.167,both,4.6,74,42245,,,,,,,,,,,,,,,,,,,,,,,2,12,18,15,21
247,www.pagetiger.com/blog/5-emerging-learning-and-development-trends,prefix,141.101.90.97,both,0,74,43469,1,,1,,,,4,,"(br, 4)",,,,,,,,,,,,,,12,3,4,3,4
268,www.thoughtindustries.com/blog/customer-education-strategy/,prefix,141.193.213.21,both,4.6,74,39808,9,1,4,2,1,1,41,56.91,"(us, 41)",,,,,100,,100,100,83,100,,100,,3,2,7,2,9
281,www.axioshq.com/insights/remote-employee-engagement-how-to-boost-employee-engagement-in-remote-and-hybrid-settings,prefix,199.60.103.225,both,4.5,74,44073,15,2,12,1,,,102,203.83,"(us, 87)",,,,,3,2,1,3,3,5,4,1,,5,8,10,11,13
295,www.vectorsolutions.com/resources/course-catalogs/health-safety-environment-hse-foreign-language-training-library/,prefix,141.193.213.20,both,10,74,46625,,,,,,,,,,,,,,4,4,,5,4,1419,1419,,,2494,6,7,7,8
26,darwinbox.com/blog/how-darwinbox-enables-localization,prefix,3.7.122.49,both,0,73,52635,,,,,,,,,,,,,,,,,,,,,,,,,,,
123,www.transperfect.com/blog/10-best-practices-video-localization,prefix,23.1.228.147,both,4.4,73,49670,,,,,,,,,,,,,,1,1,,1,1,2,2,,,19,,,,
154,globallink.transperfect.com/blog/multilingual-marketing-how-to-reach-foreign-language-audiences,prefix,130.250.213.69,both,4.5,73,49670,11,4,4,1,1,1,149,405.74,"(us, 137)",,,,,,,,,,,,,,1,5,6,9,10
174,www.globalization-partners.com/blog/tips-for-onboarding-international-employees/,prefix,45.223.139.104,both,5,73,55660,1,1,,,,,5,100.97,"(us, 5)",,,,,7,5,2,7,6,8,6,2,,98,9,11,10,12
282,chronus.com/blog/engaging-remote-workers,prefix,141.193.213.11,both,4.7,73,49560,42,12,25,4,1,,200,373.91,"(us, 193)",,,,,13,9,4,12,11,13,9,4,,,,,,
289,www.trados.com/blog/taking-your-business-into-a-new-market/,prefix,108.156.39.108,both,4.5,73,50407,,,,,,,,,,,,,,,,,,,,,,,11,8,8,36,36
25,www.moveworks.com/us/en/resources/blog/global-hr-service-delivery,prefix,13.226.144.92,both,0,72,61130,,,,,,,,,,,,,,,,,,,,,,,,,,,
31,bloomfire.com/blog/knowledge-sharing-platform-vs-knowledge-base/,prefix,54.210.40.90,both,4.5,72,72415,9,2,5,,2,,75,259.81,"(us, 48)",,,,,2,2,,2,2,15,15,,,14,3,8,3,8
67,www.resemble.ai/best-voice-ai-models-multilingual-speech/,prefix,172.66.157.142,both,0,72,63586,,,,,,,,,,,,,,,,,,,,,,,,6,7,7,8
215,www.sociabble.com/blog/sociabble-features/video-communication-uniting-global-teams/,prefix,162.159.135.42,both,4.6,72,75031,,,,,,,,,,,,,,,,,,,,,,,12,8,8,8,8
17,blog.videoscribe.co/going-global-with-your-explainer-video-voice-over,prefix,199.60.103.228,both,4.5,71,76428,,,,,,,,,,,,,,1,,1,1,1,1,,1,,1,6,10,16,23
21,www.tomedes.com/tomedes-insider/what-is-tik-tok.php,prefix,52.70.246.185,both,8,71,92456,,,,,,,,,,,,,,2,2,,2,2,3,3,,,1,16,17,20,21
41,www.gotolstoy.com/blog/ai-video-tools,prefix,198.202.211.1,both,4.5,71,92044,1,,1,,,,,,"(us, 0)",,,,,7,6,1,7,7,7,6,1,,6,14,14,15,15
55,www.papirfly.com/blog/employer-branding/localized-employer-branding-regional-talent/,prefix,18.245.218.106,both,0,71,91108,,,,,,,,,,,,,,2,2,,2,2,2,2,,,,,,,
64,www.testimonialhero.com/blog/8-of-the-best-testimonial-videos-and-what-makes-them-great,prefix,172.67.152.164,both,4.5,71,92516,19,14,5,,,,314,1074.1,"(us, 196)",,,,,3,2,1,3,3,6,5,1,,,8,9,15,23
72,inworld.ai/resources/best-ai-voice-generators,prefix,34.122.194.144,both,0,71,76846,11,3,7,1,,,70,48.47,"(us, 30)",,,,,5,5,,6,6,12,12,,,2,7,7,8,8
105,www.smartcat.com/training-video-creator/,prefix,18.165.242.37,both,5,71,85631,3,1,2,,,,2,1.9,"(us, 1)",,,,,1,1,,2,2,4,4,,,45,1,6,1,6
113,www.getblend.com/blog/influencers-video-content-localization-strategy/,prefix,104.20.42.250,both,0,71,88311,,,,,,,,,,,,,,1,,1,1,1,1,,1,,3,10,12,13,16
115,www.rask.ai/blog/how-video-content-localization-can-help-scaling-products-global,prefix,172.67.70.124,both,4.8,71,81109,,,,,,,,,,,,,,,,,,,,,,,80,10,11,11,17
118,desygner.com/blog/content-localization/,prefix,3.174.141.103,both,4.4,71,87852,1,,,,1,,,0.2,"(us, 0)",,,,,4,3,1,4,4,4,3,1,,,,,,
120,maestra.ai/blogs/video-localization-10-best-practices,prefix,199.36.158.100,both,4.5,71,96801,1,,1,,,,10,30.79,"(us, 10)",,,,,,,,,,,,,,7,,8,,13
121,captions.ai/blog/video-localization-a-complete-guide-for-global-brands,prefix,172.66.150.225,both,0,71,81991,2,,2,,,,12,,"(us, 12)",,,,,2,2,,2,2,2,2,,1,3,9,9,17,17
146,www.typeface.ai/blog/how-to-use-ai-to-repurpose-video-content,prefix,35.201.102.127,both,5,71,76598,4,1,3,,,,9,5.6,"(us, 9)",,,,,3,2,1,3,3,6,5,1,,9,5,6,7,8
171,enboarder.com/blog/best-onboarding-practices/,prefix,141.193.213.11,both,4.5,71,82138,7,1,1,,1,4,,2.02,"(au, 0)",,,,,11,9,2,9,9,15,13,2,,1,,,,
173,www.oysterhr.com/library/onboarding-best-practices,prefix,198.202.211.1,both,4.6,71,79559,8,5,3,,,,46,124.73,"(gb, 25)",,,,,1,1,,1,1,1,1,,,18,11,13,11,13
176,www.infosysbpm.com/blogs/digital-business-services/global-content-strategy-approach-for-brands.html,prefix,23.215.135.112,both,5,71,95320,2,1,,,1,,,,"(us, 0)",,,,,1,1,,1,1,1,1,,,70,6,7,9,10
291,www.globalapptesting.com/localization-testing/localization-gtm-strategy,prefix,199.60.103.29,both,4.5,71,92795,,,,,,,,,,,,,,1,1,,1,1,3,3,,,1,4,6,5,8
300,www.theinvestorspodcast.com/business/global-podcasting-strategies-for-translating-your-audio-content/,prefix,141.193.213.11,both,0,71,79729,1,,1,,,,,,"(us, 0)",,,,,1,1,,1,1,1,1,,,,9,11,9,11
39,bigvu.tv/blog/drive-global-e-commerce-sales-master-multilingual/,prefix,18.172.153.32,both,0,70,100528,,,,,,,,,,,,,,,,,,,,,,,9,9,10,14,16
40,creatify.ai/blog/reaching-global-audiences-with-multilingual-video-content,prefix,104.26.10.218,both,4.5,70,105033,,,,,,,,,,,,,,4,2,2,4,4,5,2,3,,23,5,5,6,6
147,idearocketanimation.com/18413-distribute-video-content/,prefix,104.26.9.199,both,4.6,70,112581,4,2,2,,,,34,25.5,"(us, 34)",,,,,11,4,7,12,12,20,5,15,,311,10,11,10,12
248,www.intellum.com/resources/blog/2026-learning-and-development-trends,prefix,198.202.211.1,both,4.6,70,101107,2,1,1,,,,,,"(us, 0)",,,,,5,5,,5,5,8,8,,,7764,3,5,5,7
290,www.superpath.co/blog/global-content-strategy,prefix,198.202.211.1,both,4.5,70,107728,1,1,,,,,6,,"(us, 6)",,,,,,,,,,,,,,9,18,19,34,35
292,directiveconsulting.com/blog/the-b2b-expansion-marketing-playbook-for-rapid-hyper-localized-market-entry/,prefix,172.66.41.14,both,4.6,70,101975,,,,,,,,,,,,,,,,,,,,,,,3,11,12,11,12
35,trtc.io/blog/details/how-to-translate-subtitles,prefix,43.152.186.80,both,0,69,123344,,,,,,,,,,,,,,,,,,,,,,,,,,,
68,www.speechmatics.com/company/articles-and-news/best-tts-apis-in-2025-top-12-text-to-speech-services-for-developers,prefix,66.33.60.67,both,4.6,69,116906,18,7,9,,1,1,195,240.07,"(us, 103)",,,,,11,11,,12,12,16,16,,,29,1,22,2,30
139,www.banzai.io/blog/video-marketing-strategy-guide,prefix,198.202.211.1,both,5,69,123657,24,3,10,2,6,3,93,90.13,"(us, 65)",,,,,7,6,1,7,7,72,71,1,,25,20,20,33,33
150,www.castmagic.io/post/repurposing-video-content,prefix,198.202.211.1,both,5,69,124088,,,,,,,,,,,,,,,,,,,,,,,50,1,2,1,2
220,www.epiphan.com/blog/sales-enablement-strategy/,prefix,162.159.135.42,both,4.5,69,115388,,,,,,,,,,,,,,2,2,,2,2,3,3,,,12,18,21,36,40
16,www.languagewire.com/blog/how-to-make-a-good-explainer-video/,prefix,77.66.41.7,both,4.5,68,131945,,,,,,,,,,,,,,,,,,,,,,,3,5,5,5,5
53,www.usemultiplier.com/global-hr/guide-to-global-employer-branding,prefix,104.20.26.224,both,4.7,68,131403,1,1,,,,,9,,"(us, 9)",,,,,,,,,,,,,,16,8,8,9,9
76,www.interprefy.com/resources/blog/the-language-technology-landscape-an-enterprise-buyers-guide,prefix,199.60.103.31,both,0,68,129779,,,,,,,,,,,,,,,,,,,,,,,5,10,12,10,12
135,www.amberscript.com/en/blog/dubbing-vs-subtitles-are-they-both-necessary-for-translation/,prefix,172.67.74.42,both,4.5,68,134847,1,,1,,,,2,,"(us, 2)",,,,,2,1,1,2,2,2,1,1,,9,,,,
7,academyocean.com/features/multilingual-lms,prefix,104.26.6.146,both,4.7,67,146568,8,1,6,1,,,53,,"(us, 53)",,,,,,,,,,,,,,3,6,9,9,12
254,www.welocalize.com/insights/is-your-marketing-localization-strategy-ready-for-whats-next-trends-for-global-teams/,prefix,23.185.0.253,both,0,67,146854,,,,,,,,,,,,,,,,,,,,,,,2,4,5,8,9
29,www.woodwing.com/blog/building-a-knowledge-sharing-culture-to-boost-remote-team-engagement,prefix,141.101.90.97,both,4.5,66,166002,1,,1,,,,3,2.45,"(us, 3)",,,,,,,,,,,,,,2,3,3,4,4
286,www.vidjet.com/blog/understanding-the-importance-of-video-localisation-to-boost-e-learning,prefix,198.202.211.1,both,7,66,160686,,,,,,,,,,,,,,2,2,,2,2,2,2,,,6,12,13,17,18
37,talkingpts.org/blog/engage-all-families-with-translated-video-captions/6036/,prefix,52.40.216.241,both,0,65,176197,,,,,,,,,,,,,,,,,,,,,,,,10,10,11,11
47,www.ulatus.com/translation-blog/why-are-video-translation-services-essential-for-the-healthcare-industry/,prefix,18.164.68.22,both,0,65,173428,,,,,,,,,,,,,,,,,,,,,,,,,,,
92,lilt.com/blog/best-ai-translation-tools-choosing-the-right-platform-for-global-communication,prefix,34.49.104.117,both,4.5,65,183895,14,4,,2,4,4,6,14.58,"(us, 6)",,,,,,,,,,,,,,2,5,6,6,7
109,www.commlabindia.com/blog/ai-craft-multilingual-training-videos,prefix,199.60.103.254,both,4.5,65,181843,,,,,,,,,,,,,,2,2,,5,4,9,9,,,7,1,10,2,12
203,www.saastock.com/blog/how-to-prepare-for-global-expansion/,prefix,172.67.156.64,both,7,65,177040,1,,1,,,,1,,"(in, 1)",,,,,2,2,,2,2,2,2,,,2,18,20,33,35
210,www.goodhabitz.com/resources/blog/multilingual-learning-for-global-workforces,prefix,104.20.17.201,both,0,65,183450,,,,,,,,,,,,,,,,,,,,,,,18,8,9,11,13
14,almcorp.com/blog/video-seo-ranking-youtube-google-search-rank-your-videos-at-the-top/,prefix,35.209.19.231,both,4.5,63,205294,12,5,3,1,1,2,188,28.28,"(us, 183)",,,,,2,1,1,2,2,2,1,1,,6,8,9,11,12
275,www.7taps.com/case-study/delivering-job-aids-with-7taps-around-24-countries,prefix,198.202.211.1,both,4.5,63,202796,,,,,,,,,,,,,,1,1,,1,1,1,1,,,7,8,9,10,12
278,teamsoftware.com/blog/engaging-distributed-teams-through-technology,prefix,198.202.211.1,both,0,63,216312,,,,,,,,,,,,,,,,,,,,,,,8,11,11,22,22
19,alconost.com/en/blog/tiktok,prefix,151.101.1.195,both,4.5,62,227966,,,,,,,,,,,,,,9,8,1,12,10,14,13,1,,5,37,39,48,50
107,perso.ai/de/blog/fastest-way-to-make-multilingual-videos,prefix,162.159.142.20,both,0,62,221158,,,,,,,,,,,,,,,,,,,,,,,,11,12,13,14
189,www.voquent.com/blog/how-to-grow-your-channel-with-the-youtube-multi-audio-track-feature/,prefix,104.26.6.67,both,4.6,62,228984,,,,,,,,,,,,,,1,1,,1,1,1,1,,,14,7,8,7,14
235,www.mediashower.com/blog/free-ai-video-tools/,prefix,104.26.0.32,both,0,62,229793,1,,1,,,,,,"(in, 0)",,,,,1,,1,1,1,1,,1,,23,18,20,21,23
51,www.myshyft.com/blog/multilingual-shift-communication/,prefix,,both,4.5,61,253997,,,,,,,,,,,,,,,,,,,,,,,8,7,8,7,8
71,www.devopsschool.com/blog/top-10-ai-multilingual-voiceover-tools-in-2025-features-pros-cons-comparison/,prefix,68.178.165.3,both,0,61,252474,,,,,,,,,,,,,,,,,,,,,,,4,14,14,18,18
98,www.camb.ai/es/blog-post/the-ultimate-guide-to-video-translation-tools-and-tips,prefix,198.202.211.1,both,0,61,254785,,,,,,,,,,,,,,,,,,,,,,,1,6,8,7,9
219,www.celum.com/en/blog/sales-enablement-strategy/,prefix,162.55.87.3,both,4.5,61,250912,9,2,6,,,1,70,318.23,"(us, 70)",,,,,1,1,,1,1,1,1,,,,,,,
284,thewordpoint.com/blog/e-learning-localization-and-e-learning-translation-requirements-guide,prefix,172.67.71.101,both,4.4,61,253195,,,,,,,,,,,,,,,,,,,,,,,5,8,8,9,9
159,lingohub.com/blog/how-to-localize-an-e-learning-product-challenges-and-best-practices,prefix,172.66.40.220,both,4.5,60,264579,,,,,,,,,,,,,,,,,,,,,,,3,3,6,3,6
230,blog.vmgstudios.com/localization-versus-translation-video-marketing,prefix,199.60.103.254,both,4.4,60,280486,1,,,1,,,5,5.1,"(us, 5)",,,,,,,,,,,,,,8,7,8,7,8
241,fish.audio/blog/ai-audio-translation/,prefix,216.150.1.1,both,0,60,263861,1,,,,,1,,,"(ec, 0)",,,,,,,,,,,,,,23,7,7,11,11
255,onesky.ai/blog/localization-marketing,prefix,75.2.70.75,both,0,60,273264,5,,4,1,,,25,45.08,"(br, 11)",,,,,1,,1,1,1,1,,1,,1,,,,
22,www.translate.one/how-to-increase-your-global-audience-reach-with-video-translation/,prefix,206.189.239.152,both,4.5,59,302285,,,,,,,,,,,,,,1,1,,1,1,5,5,,2,21,7,10,8,11
82,netchex.com/the-language-of-learning-the-importance-of-multilingual-training/,prefix,104.26.9.67,both,4.6,59,299139,,,,,,,,,,,,,,2,1,1,2,2,2,1,1,,11,7,8,8,9
119,www.acclaro.com/blog/maximizing-impact-with-localized-video-your-complete-guide/,prefix,172.67.69.9,both,0,59,300609,3,2,1,,,,19,22.99,"(us, 19)",,,,,1,1,,1,1,1,1,,,,,,,
137,www.vozo.ai/blogs/dub-vs-subtitles,prefix,3.174.141.66,both,4.6,59,287112,4,,,,2,2,,,"(us, 0)",,,,,,,,,,,,,,44,7,7,8,8
143,adilo.com/blog/video-marketing-strategy-for-2026-according-to-experts/,prefix,5.161.203.158,both,0,59,294326,,,,,,,,,,,,,,,,,,,,,,,76,22,23,39,40
187,dubverse.ai/blog/how-to-get-more-views-on-youtube/,prefix,172.67.154.115,both,4.5,59,294102,5,,,,1,4,,0,"(us, 0)",,,,,,,,,,,,,,8,,,,
280,powell-software.com/resources/blog/employee-engagement-strategies/,prefix,23.185.0.1,both,4.4,59,291836,,,,,,,,,,,,,,2,2,,2,2,16,16,,,16,12,13,23,24
180,bluetext.com/blog/creating-scalable-content-marketing-frameworks-for-global-saas-companies/,prefix,23.185.0.3,both,4.4,58,330504,,,,,,,,,,,,,,,,,,,,,,,3,4,4,4,4
198,www.distribution.ai/blog/content-localization-shorts-reels-tiktok,prefix,137.184.114.216,both,0,58,311040,,,,,,,,,,,,,,2,2,,2,2,3,3,,,12,8,11,10,15
243,sync.so/blog/how-to-use-ai-lip-sync-tools-for-professional-video-editing-step-by-step-guide-2/,prefix,104.18.22.221,both,0,58,316106,2,2,,,,,15,1.76,"(id, 14)",,,,,2,1,1,2,2,5,3,2,,5,7,7,7,7
212,www.argosmultilingual.com/blog/global-compliance-local-consistency-ensuring-effective-localized-training-worldwide,prefix,64.226.118.246,both,4.5,57,358646,,,,,,,,,,,,,,,,,,,,,,,4,6,7,7,8
263,www.motionpoint.com/blog/unlocking-new-markets-with-localized-video-content-in-2025/,prefix,104.238.130.177,both,4.6,57,358116,,,,,,,,,,,,,,,,,,,,,,,13,6,6,6,6
2,www.gmrtranscription.com/blog/podcast-translation-are-podcasts-getting-more-multilingual,prefix,138.91.142.187,both,4.5,56,382606,,,,,,,,,,,,,,3,1,2,3,3,3,1,2,,4,9,12,13,20
24,www.qandle.com/blog/ai-for-global-hr/,prefix,52.77.104.216,both,4.5,56,392562,,,,,,,,,,,,,,,,,,,,,,,6,1,3,1,3
97,www.clueso.io/blog/ai-video-translation,prefix,52.223.52.2,both,4.5,56,379839,,,,,,,,,,,,,,1,1,,1,1,1,1,,,5,3,4,4,6
117,www.localizationinstitute.com/a-media-localization-primer-types-challenges-and-future-avenues/,prefix,176.52.245.252,both,0,56,392732,1,1,,,,,8,,"(us, 8)",,,,,2,1,1,2,2,2,1,1,,,,,,
165,www.guildhawk.com/blog/what-is-ai-dubbing-your-comprehensive-guide-from-guildhawk,prefix,141.101.90.96,both,0,54,467685,,,,,,,,,,,,,,,,,,,,,,,7,5,6,5,6
209,coggno.com/blog/how-to-scale-compliance-training-globally-choosing-a-company-with-multilingual-support/,prefix,104.26.8.56,both,0,54,452071,,,,,,,,,,,,,,,,,,,,,,,2,8,15,10,19
13,www.herenow.film/video-seo-guide,prefix,141.193.213.10,both,4.5,53,503181,5,3,,,,2,,0,"(us, 0)",,,,,2,2,,3,3,4,4,,,,18,18,37,47
54,rallyrecruitmentmarketing.com/2025/09/best-employer-brand-video-examples-2025-featuring-atb-westpac-and-cbre/,prefix,35.212.120.247,both,6,53,526052,5,5,,,,,48,104.01,"(us, 46)",,,,,1,1,,1,1,1,1,,,35,11,12,16,19
77,www.youngurbanproject.com/best-ai-voiceover-tools/,prefix,172.67.133.46,both,4.6,53,499182,4,2,,1,,1,,0.05,"(us, 0)",,,,,3,3,,4,4,8,8,,,22,7,9,7,10
244,lipsync.studio/blog/how-to-lip-sync-video,prefix,104.21.67.199,both,0,53,507108,,,,,,,,,,,,,,,,,,,,,,,1,2,3,2,3
293,humanfocus.co.uk/blog/multilingual-health-and-safety-platform-experience/,prefix,172.67.72.67,both,0,53,506031,,,,,,,,,,,,,,1,1,,1,1,1,1,,,,,,,
9,www.proceedinnovative.com/blog/video-seo-guide-2025/,prefix,69.162.78.70,both,4.7,52,538944,18,4,9,2,1,2,149,52.01,"(us, 146)",,,,,4,4,,5,5,7,7,,,4,8,8,11,11
211,www.flagright.com/post/the-definitive-guide-to-mastering-multilingual-compliance-in-global-operations,prefix,198.202.211.1,both,4.5,52,575613,,,,,,,,,,,,,,1,1,,1,1,1,1,,,4,5,7,6,8
222,trainn.co/blog/how-to-use-videos-in-customer-service/,prefix,13.226.144.12,both,0,52,570833,,,,,,,,,,,,,,,,,,,,,,,,,,,
251,redokun.com/blog/marketing-localization,prefix,104.26.9.12,both,4.6,52,537308,4,,2,1,1,,8,16.29,"(gb, 3)",,,,,9,2,7,8,8,16,3,13,,19,27,29,46,50
276,www.5mins.ai/resources/blog/the-multi-format-magic-of-microlearning-platforms-video-text-and-interactive-training-success,prefix,141.101.90.99,both,0,52,584219,,,,,,,,,,,,,,,,,,,,,,,10,6,7,8,9
62,beverlyboy.com/filmmaking/what-is-multilingual-testimonial-production/,prefix,172.67.219.75,both,0,50,697605,,,,,,,,,,,,,,,,,,,,,,,1,5,7,5,9
89,growth-engines.com/insights/branding/maintaining-consistent-brand-identity-across-digital-markets,prefix,35.190.31.54,both,4.5,49,717846,,,,,,,,,,,,,,4,2,2,4,4,5,2,3,,13,2,5,2,5
106,bluecarrot.io/blog/how-to-develop-multilingual-e-learning-videos-8-steps-to-global-success/,prefix,104.21.63.148,both,4.4,49,734324,,,,,,,,,,,,,,1,,1,1,1,1,,1,,3,7,11,9,14
238,www.supertone.ai/en/work/global-content-my-voice-ai-23-languages,prefix,198.202.211.1,both,4.7,49,729902,,,,,,,,,,,,,,,,,,,,,,,62,6,7,9,11
260,ssojet.com/blog/video-translation-for-sso-training,prefix,104.26.11.202,both,5,49,729441,,,,,,,,,,,,,,,,,,,,,,,4,4,5,4,5
266,wowto.ai/blog/how-to-create-a-content-localization-strategy-for-customer-education,prefix,52.84.118.88,both,4.6,49,718346,,,,,,,,,,,,,,,,,,,,,,,1,1,1,4,4
148,storykit.io/blog/repurpose-video-content,prefix,54.155.19.65,both,4.4,48,791362,1,,,,1,,,0,"(us, 0)",,,,,,,,,,,,,,1,7,8,10,11
178,veracontent.com/mix/global-content-strategy/,prefix,104.21.56.90,both,4.6,47,881033,1,,,,1,,,,"(us, 0)",,,,,1,,1,1,1,1,,1,,9,15,18,23,27
194,xtm.ai/blog/content-localization,prefix,199.60.103.47,both,0,47,868358,10,1,7,1,1,,40,72.45,"(us, 13)",,,,,3,3,,5,3,575,575,,1,36,14,16,24,28
204,www.pixeltable.com/blog/automated-video-translation-voiceover-pipeline,prefix,172.67.72.175,both,0,47,877137,,,,,,,,,,,,,,,,,,,,,,,,,,,
5,schoolmaker.com/blog/ai-online-course-creator,prefix,198.202.211.1,both,0,45,1015720,3,,2,,1,,5,37.47,"(us, 5)",,,,,,,,,,,,,,1,,,,
85,shootsta.com/blog/video-content-localization-global-markets/,prefix,216.150.1.1,both,4.5,45,971709,,,,,,,,,,,,,,1,,1,1,1,3,,3,,2,4,5,4,5
277,bizky.ai/blog/employee-engagement-in-global-remote-teams/,prefix,195.78.67.57,both,0,45,989727,,,,,,,,,,,,,,,,,,,,,,,4,5,7,7,9
128,www.emptrust.com/multilingual-onboarding-the-art-of-driving-employee-engagement-with-translated-material/,prefix,104.26.15.75,both,0,44,1110284,,,,,,,,,,,,,,,,,,,,,,,13,6,7,6,7
221,taia.io/resources/blog/localization-trends-future-global-communication/,prefix,172.67.214.92,both,0,44,1089141,,,,,,,,,,,,,,6,4,2,6,6,12,9,3,,16,5,5,5,5
38,interprenet.net/multilingual-subtitling,prefix,199.60.103.118,both,5,43,1189536,1,,1,,,,1,,"(us, 1)",,,,,,,,,,,,,,148,3,6,9,13
228,birdeatsbug.com/blog/video-captioning-best-practices,prefix,54.155.19.65,both,4.5,43,1142156,,,,,,,,,,,,,,1,1,,1,1,1,1,,,3,8,9,14,15
30,www.coffeepals.com/blog/how-to-make-collaboration-work-across-time-zones-and-global-teams,prefix,198.202.211.1,both,0,42,1219181,,,,,,,,,,,,,,,,,,,,,,,83,17,17,22,22
116,www.lipdub.ai/blogs/marketing-localization,prefix,198.202.211.1,both,0,42,1315411,3,,,1,1,1,3,3.74,"(us, 3)",,,,,1,1,,1,1,1,1,,,1,7,8,8,9
193,exemplary.ai/en/blog/repurpose-webinar-content,prefix,76.76.21.21,both,0,42,1237763,,,,,,,,,,,,,,,,,,,,,,,,,,,
46,www.mytonomy.com/blog/digital-patient-education-microlearning-guide-for-health-systems,prefix,199.60.103.30,both,0,41,1372717,1,1,,,,,15,,"(us, 15)",,,,,,,,,,,,,,4,13,13,16,16
112,filmgrail.com/blog/how-to-localize-video-content-for-global-audiences/,prefix,54.146.5.137,both,4.5,41,1371007,,,,,,,,,,,,,,,,,,,,,,,6,6,11,7,14
129,assimasolutions.com/resources/blog/why-traditional-onboarding-fails-for-global-teams-and-what-to-do-about-it/,prefix,141.193.213.21,both,4.4,41,1339405,,,,,,,,,,,,,,2,2,,3,3,24,24,,,4,,,,
160,jrlanguage.com/blog/elearning-translation-essential-best-practices-for-a-global-audience/,prefix,194.1.147.93,both,4.4,41,1346899,6,2,,,1,3,,0.16,"(us, 0)",,,,,1,,1,2,1,32,,32,,5,8,9,9,10
249,omniplexlearning.com/blog/whats-new-in-ld-trends-you-cant-ignore-in-2026/,prefix,104.21.78.251,both,4.6,41,1399416,,,,,,,,,,,,,,,,,,,,,,,1,4,5,4,5
298,www.techclass.com/resources/learning-and-development-articles/multi-language-member-training-reaching-a-diverse-audience,prefix,198.202.211.1,both,0,41,1332730,,,,,,,,,,,,,,,,,,,,,,,3,5,13,5,14
48,globalinterpreting.com/blog/patient-education-materials-ensuring-accessibility-for-lep-populations/,prefix,35.208.188.125,both,0,40,1435597,1,,,,1,,,,"(us, 0)",,,,,1,,1,1,1,1,,1,,6,14,14,22,22
56,storiesincorporated.com/best-employer-branding-videos/,prefix,141.193.213.11,both,4.5,40,1476165,5,1,4,,,,17,34.08,"(us, 17)",,,,,2,1,1,2,2,4,3,1,,3,6,6,7,15
81,ititranslates.com/navigating-dei-changes-what-it-means-for-language-services/,prefix,151.101.194.159,both,4.4,40,1536139,1,,,,1,,,0,"(us, 0)",,,,,,,,,,,,,,9,10,10,13,13
91,www.adverbum.com/post/best-ai-translation-tools-in-2026-ranked-8,prefix,34.160.37.117,both,0,40,1552785,2,,2,,,,7,0.27,"(us, 6)",,,,,,,,,,,,,,7,8,16,9,23
94,enterprisetube.com/blog/learning-and-development,prefix,199.60.103.125,both,0,40,1497954,,,,,,,,,,,,,,,,,,,,,,,5,,,,
100,vatis.tech/blog/how-to-translate-youtube-videos-your-easy-guide,prefix,52.28.246.80,both,5,40,1542835,6,,1,,3,2,3,0.03,"(id, 3)",,,,,,,,,,,,,,837,4,5,6,7
130,www.interproinc.com/3-reasons-why-elearning-translation-is-important-for-manufacturers/,prefix,141.193.213.10,both,0,40,1557378,,,,,,,,,,,,,,,,,,,,,,,7,8,10,8,10
296,ehscareers.com/employer-blog/multilingual-safety-programs-beyond-google-translate/,prefix,172.67.133.118,both,0,40,1556613,,,,,,,,,,,,,,1,,1,1,1,1,,1,,,,,,
225,weet.co/blog/knowledge-base-video-everything-you-need-to-know,prefix,99.83.181.15,both,4.5,39,1696195,1,,1,,,,1,,"(us, 1)",,,,,,,,,,,,,,1,6,6,6,6
233,www.marketbetter.ai/blog/best-ai-video-tools-sales-teams-2026/,prefix,172.67.73.103,both,0,39,1677662,,,,,,,,,,,,,,,,,,,,,,,1,,,,
272,www.ottolearn.com/post/111-simplify-multilingual-content-with-the-right-microlearning-platform,prefix,198.202.211.1,both,4.4,39,1602369,,,,,,,,,,,,,,,,,,,,,,,16,17,18,24,25
226,ivannovation.com/blog/how-to-translate-videos/,prefix,104.21.37.197,both,4.5,38,1871522,,,,,,,,,,,,,,1,,1,1,1,1,,1,,3,9,11,13,15
297,www.atlantictraining.com/blog/multilingual-safety-training-companies/,prefix,,both,0,38,1884513,,,,,,,,,,,,,,,,,,,,,,,,,,,
79,multilingualconnections.com/blog/the-power-of-translation-in-building-a-more-inclusive-workplace-culture/,prefix,192.124.249.105,both,0,37,2066263,,,,,,,,,,,,,,,,,,,,,,,,,,,
95,deephow.com/blog/8-expert-tips-for-video-training,prefix,198.202.211.1,both,4.5,37,1951484,,,,,,,,,,,,,,,,,,,,,,,30,7,7,8,8
181,goodmanlantern.com/blog/enterprise-content-marketing-strategy/,prefix,141.193.213.10,both,4.4,37,2037960,,,,,,,,,,,,,,2,,2,2,2,2,,2,,,,,,
264,longstories.ai/blog/ai-vs-manual-video-production-cost-comparison,prefix,172.67.72.108,both,0,37,2062491,,,,,,,,,,,,,,6,3,3,6,6,6,3,3,,1,5,10,7,12
99,www.transyncai.com/blog/how-to-translate-youtube-video-to-english/,prefix,163.181.57.187,both,4.5,36,2145486,22,7,12,2,1,,219,20.34,"(in, 80)",,,,,,,,,,,,,,61,12,12,16,16
195,www.truefan.ai/blogs/content-localization-ultimate-guide-2025,prefix,74.225.185.139,both,0,36,2233698,3,,1,,2,,1,0.94,"(nl, 1)",,,,,1,,1,1,1,2,,2,,3,1,6,1,6
66,www.adhoc-translations.com/blog/how-to-translate-annual-reports/,prefix,5.134.13.79,both,4.5,35,2292145,,,,,,,,,,,,,,1,1,,1,1,1,1,,,9,7,9,8,10
80,www.astlanguage.com/blog/how-multilingual-training-benefits-organisations-dei-efforts/,prefix,185.151.30.130,both,4.8,35,2455348,,,,,,,,,,,,,,,,,,,,,,,6,,,,
96,www.learningzen.com/elearning/luma1-transforming-your-videos-into-engaging-tutorials/,prefix,52.89.221.214,both,0,35,2447024,,,,,,,,,,,,,,,,,,,,,,,10,8,19,10,23
242,www.1stopasia.com/blog/voice-cloning-ai-dubbing-multilingual-content/,prefix,38.242.212.211,both,0,35,2431384,,,,,,,,,,,,,,,,,,,,,,,11,,3,,3
245,shortgenius.com/blog/lip-sync-ai,prefix,76.76.21.21,both,0,35,2469222,,,,,,,,,,,,,,,,,,,,,,,1,2,7,2,7
58,www.storytellervideos.com/blog/creating-franchise-training-videos,prefix,199.60.103.31,both,4.5,34,2587104,,,,,,,,,,,,,,,,,,,,,,,9,3,9,3,10
59,codeoftalent.com/blog/franchise-training-program-for-hospitality/,prefix,54.194.62.59,both,4.5,34,2591221,,,,,,,,,,,,,,,,,,,,,,,14,,17,,18
164,pitchavatar.com/video-dubbing-guide/,prefix,18.245.162.54,both,0,34,2671841,,,,,,,,,,,,,,,,,,,,,,,,,,,
186,aidubbing.io/blog/grow-your-youtube-channel-with-audio-dubbing,prefix,172.67.190.197,both,4.7,34,2717577,,,,,,,,,,,,,,,,,,,,,,,7,1,3,1,3
236,www.tryhooked.ai/blog/best-ai-video-creation-tools,prefix,216.150.16.65,both,0,34,2724790,,,,,,,,,,,,,,,,,,,,,,,,,1,,1
265,bonomotion.com/understanding-video-production-costs/,prefix,185.151.30.183,both,4.4,34,2698436,2,,,,2,,,0.04,"(us, 0)",,,,,,,,,,,,,,4,,,,
283,blog.andovar.com/elearning-localization-ultimate-guide,prefix,199.60.103.254,both,4.4,34,2573260,5,,4,,1,,32,135.54,"(us, 21)",,,,,3,3,,3,3,9,9,,,8,8,11,13,17
124,travod.com/blog/rise-of-global-video,prefix,144.126.238.250,both,0,33,2815985,,,,,,,,,,,,,,,,,,,,,,,5,14,15,19,20
301,www.aimagicx.com/blog/ai-dubbing-video-localization-global-growth-2026,prefix,216.150.1.1,both,0,33,2941463,,,,,,,,,,,,,,,,,,,,,,,,,,,
50,webrand.com/blog/localization/enterprise-top-5-multilingual-content-management-challenges-solutions,prefix,54.209.36.1,both,0,32,3159087,,,,,,,,,,,,,,,,,,,,,,,,,,,
201,gmarketing.io/saas-marketing-strategies-for-global-expansion-how-to-reach-clients-worldwide/,prefix,167.88.37.161,both,4.8,32,3264012,,,,,,,,,,,,,,,,,,,,,,,8,4,4,4,4
256,www.vireovideo.com/how-to-reach-global-audiences-on-youtube/,prefix,104.26.11.243,both,0,32,3220833,,,,,,,,,,,,,,,,,,,,,,,,,,,
261,blog.jobpixel.com/enhancing-diversity-inclusion-multilingual-video-campaigns,prefix,199.60.103.225,both,0,32,3202672,,,,,,,,,,,,,,,,,,,,,,,13,5,5,6,6
274,www.tyfoom.com/blog/video-killed-the-lecture-star-why-your-brain-craves-video-learning/,prefix,141.193.213.20,both,4.5,32,3247040,,,,,,,,,,,,,,,,,,,,,,,4,11,12,15,16
156,blog.ollang.com/en/blog-details/subtitling-videos-for-global-employees,prefix,172.67.185.220,both,0,31,3453906,,,,,,,,,,,,,,1,1,,1,1,1,1,,,,,1,,1
163,www.lemonfox.ai/blog/best-ai-dubbing-software,prefix,104.26.9.237,both,0,31,3369517,3,,2,1,,,33,13.6,"(us, 33)",,,,,4,4,,5,5,13,13,,,,13,13,15,15
15,www.rippleanimation.com/blog/tips-to-create-multilingual-explainer-videos-with-ai/,prefix,172.67.208.102,both,0,30,3952190,,,,,,,,,,,,,,,,,,,,,,,,,,,
246,www.captioningstar.com/blog/lip-dubbing-guide/,prefix,35.212.115.241,both,4.5,30,3693426,5,,4,,,1,13,0,"(us, 13)",,,,,1,1,,1,1,1,1,,,7,9,10,15,16
294,www.udext.com/blog/multilingual-safety-briefings-for-distributed-workforces,prefix,198.202.211.1,both,0,30,3839719,,,,,,,,,,,,,,,,,,,,,,,1,7,8,7,8
93,www.keevx.com/en/blog/best-ai-video-translators-in-2026-features-quality-use-cases,prefix,34.160.162.65,both,0,29,4118232,,,,,,,,,,,,,,,,,,,,,,,6,,,,
179,www.hashmeta.ai/en/blog/ai-content-localization-how-to-adapt-marketing-content-for-global-markets-at-scale,prefix,172.67.156.34,both,0,29,4255147,,,,,,,,,,,,,,,,,,,,,,,5,4,4,10,10
10,optimational.com/blog/youtube-video-translation-best-practices-for-seo/,prefix,195.200.9.109,both,5,28,4717012,,,,,,,,,,,,,,,,,,,,,,,51,8,9,8,9
153,thinkbrandedmedia.com/blog/expanding-your-reach-tips-for-adding-multiple-languages-to-subtitles/,prefix,141.193.213.11,both,4.5,28,4539164,,,,,,,,,,,,,,,,,,,,,,,2,6,9,6,16
223,www.convey911.com/blog/translation-in-communication,prefix,199.60.103.227,both,4.9,28,4520471,,,,,,,,,,,,,,,,,,,,,,,22,,4,,4
227,www.aglatech14.com/en/how-to-make-your-videos-accessible-with-multilingual-subtitles/,prefix,,both,0,28,4600602,,,,,,,,,,,,,,,,,,,,,,,,,,,
199,saasconsult.co/blog/saas-gtm-strategy-international-expansion/,prefix,216.198.79.193,both,0,27,5195467,,,,,,,,,,,,,,1,1,,1,1,1,1,,,1,2,3,2,4
70,noiz.ai/use-cases/en/The-Best-Multilingual-AI-Voiceover-Studio,prefix,34.107.181.52,both,0,26,5737978,,,,,,,,,,,,,,,,,,,,,,,53,,1,,1
78,www.scmgalaxy.com/tutorials/top-10-ai-multilingual-voiceovers-tools-in-2025-features-pros-cons-comparison/,prefix,13.127.15.21,both,0,26,5438387,,,,,,,,,,,,,,,,,,,,,,,8,3,3,13,13
184,www.subsub.io/blog/youtube-video-translation,prefix,198.202.211.1,both,4.5,26,5336034,,,,,,,,,,,,,,,,,,,,,,,75,8,8,11,12
217,www.almtranslations.com/news/using-ai-video-services-in-internal-communication-strategies/,prefix,35.214.105.127,both,0,26,5649033,,,,,,,,,,,,,,,,,,,,,,,105,5,6,5,6
258,spoken-here.com/best-practices/multilingual-videos-improving-training-for-non-english-speaking-employees/,prefix,192.145.235.247,both,4.5,26,5427042,,,,,,,,,,,,,,,,,,,,,,,10,10,10,12,13
262,www.braahmam.net/post/how-professional-subtitling-services-improve-multilingual-video-content,prefix,34.160.37.117,both,0,26,5347626,,,,,,,,,,,,,,,,,,,,,,,6,7,7,7,7
207,www.ngram.com/blog/article/best-product-demo-video-makers,prefix,66.33.60.67,both,0,25,5819110,,,,,,,,,,,,,,,,,,,,,,,2,7,7,11,11
18,aviewint.com/blog/video-localization,prefix,13.226.144.6,both,0,24,6526053,1,,,,1,,,1.08,"(us, 0)",,,,,,,,,,,,,,,,,,
75,articles.speakatoo.com/best-ai-voice-generator-tools-in-2026-why-speakatoo-leads-the-voice-tech-revolution/,prefix,43.204.87.123,both,4.6,23,6808711,,,,,,,,,,,,,,1,,1,1,1,2,,2,,179,3,3,4,4
240,trembit.com/blog/speech-to-speech-translation-solutions-with-ai-voice-cloning-explained/,prefix,185.68.16.20,both,0,23,6696981,,,,,,,,,,,,,,,,,,,,,,,,,,,
69,fatcowdigital.com/blog/ai-topics/ai-text-to-speech-guide-2026/,prefix,172.67.154.61,both,0,22,7013812,,,,,,,,,,,,,,1,1,,1,1,1,1,,,3,10,12,13,16
183,dubly.ai/blog/how-to-translate-youtube-videos-professionally-and-reach-a-global-audience,prefix,198.202.211.1,both,4.5,22,7075373,,,,,,,,,,,,,,,,,,,,,,,5,5,6,5,6
36,nlsblog.org/2026/01/09/transcribing-and-translating-with-subtitle-edit/,prefix,192.0.78.218,both,4.5,21,7782468,,,,,,,,,,,,,,,,,,,,,,,98,5,6,15,18
20,www.ugcfactory.io/blog/tiktok-translation-for-captions-how-it-works-why-it-matters-2025,prefix,66.33.60.194,both,0,20,8036789,2,,2,,,,1,,"(us, 1)",,,,,,,,,,,,,,1,,,,
73,voiceovermaker.com/blog/free-ai-voice-generator-2025/,prefix,18.244.124.30,both,0,20,8013198,,,,,,,,,,,,,,,,,,,,,,,15,3,3,4,4
90,easycontent.io/resources/content-templates-for-global-consistency/,prefix,3.211.193.247,both,0,20,8262483,,,,,,,,,,,,,,,,,,,,,,,,1,2,1,2
188,translinguist.com/blog/translating-youtube-videos-can-increase-viewers-and-revenue/,prefix,172.67.172.56,both,5,20,8094182,,,,,,,,,,,,,,2,2,,2,2,2,2,,,9,6,8,6,9
